id,gender,age,marital_status,socioeconomic,education,num_children,height_cm,weight_kg,income_usd,commute_min,ticket_price_usd,satisfaction_1_5,owns_car,uses_public_transport,purchase_amount_usd
1,Masculino,37.0,Viudo,Medio,Universitario,1,170.6,50.2,8750.76,69,3.7,1.0,No,Si,9.87
2,Femenino,19.0,Soltero,Medio,Universitario,0,174.1,55.6,6346.4,1,3.77,2.0,No,No,4.29
3,Femenino,40.0,Casado,Alto,Técnico,1,161.0,65.9,3234.99,17,2.76,4.0,No,Si,19.9
4,Femenino,42.0,Soltero,Bajo,Universitario,0,170.3,66.1,7348.4,5,5.4,4.0,No,No,27.62
5,Masculino,42.0,Casado,Bajo,Universitario,0,159.5,56.8,11370.62,15,4.88,5.0,No,Si,39.12
6,Masculino,48.0,Soltero,Alto,Secundaria,0,170.3,65.1,17868.48,14,0.81,4.0,Si,No,23.29
7,Masculino,45.0,Soltero,Medio,Universitario,1,168.5,55.4,10733.22,2,0.47,1.0,No,Si,78.01
8,Femenino,41.0,Casado,Medio,Posgrado,1,160.6,59.1,10349.56,3,3.45,4.0,Si,No,2.01
9,Femenino,34.0,Soltero,Alto,Técnico,1,182.0,60.0,6213.26,15,4.14,2.0,No,No,28.26
10,Femenino,16.0,Soltero,Bajo,Secundaria,1,152.6,66.7,3195.89,2,2.23,4.0,Si,No,24.08
11,Masculino,40.0,Soltero,Medio,Secundaria,2,166.7,84.5,10387.58,5,1.9,5.0,No,No,782.25
12,Femenino,37.0,Soltero,Bajo,Secundaria,1,160.4,42.1,7380.9,27,1.52,4.0,Si,No,169.48
13,Femenino,38.0,Soltero,Medio,Técnico,2,184.5,77.8,2180.33,6,1.1,4.0,No,Si,35.71
14,Masculino,20.0,Soltero,Medio,Universitario,1,173.4,69.4,3663.28,10,3.86,3.0,No,Si,216.67
15,Masculino,22.0,Casado,Medio,Secundaria,3,162.2,62.8,9463.94,42,2.04,4.0,No,No,17.99
16,Masculino,48.0,Casado,Alto,Posgrado,0,165.5,76.7,5386.57,4,2.86,5.0,No,Si,1.57
17,Masculino,35.0,Casado,Medio,Universitario,1,184.8,78.1,11716.89,7,0.31,3.0,No,Si,9.06
18,Femenino,43.0,Soltero,Bajo,Universitario,1,159.5,61.5,3739.41,14,3.7,3.0,No,Si,25.14
19,Masculino,35.0,Divorciado,Bajo,Universitario,0,152.1,80.8,2208.53,21,3.21,4.0,Si,Si,19.01
20,Masculino,35.0,Soltero,Medio,Secundaria,2,170.6,70.2,28420.96,35,0.89,4.0,No,Si,5.1
21,Femenino,46.0,Soltero,Medio,Técnico,1,170.8,89.5,1280.86,37,2.81,3.0,No,No,28.34
22,Masculino,29.0,Casado,Bajo,Universitario,0,174.0,79.5,3294.89,22,2.51,5.0,No,Si,20.63
23,Masculino,36.0,Soltero,Medio,Universitario,1,174.1,68.4,6147.49,4,1.96,2.0,No,Si,6.54
24,Masculino,29.0,Soltero,Medio,Universitario,0,,74.3,10816.92,0,0.0,3.0,No,Si,17.56
25,Masculino,30.0,Casado,Medio,Secundaria,0,152.5,56.9,8243.33,7,1.71,4.0,No,No,108.77
26,Femenino,31.0,Divorciado,Medio,Posgrado,0,157.2,50.8,31226.03,2,2.86,3.0,No,No,17.98
27,Masculino,38.0,Casado,Medio,Secundaria,0,174.0,65.0,4473.48,19,1.84,4.0,No,No,62.58
28,Femenino,29.0,Casado,Bajo,Universitario,2,158.0,57.5,2444.54,16,2.23,3.0,Si,Si,47.34
29,Femenino,50.0,Viudo,Bajo,Posgrado,2,154.9,61.2,4122.62,1,4.3,2.0,No,No,27.86
30,Masculino,24.0,Soltero,Medio,Secundaria,2,184.8,105.5,3804.8,27,2.41,2.0,Si,No,13.66
31,Femenino,33.0,Soltero,Medio,Universitario,0,153.4,53.7,4653.45,4,0.0,5.0,No,No,23.02
32,Masculino,,Soltero,Bajo,Primaria,2,164.8,70.9,2239.5,8,2.28,4.0,No,No,44.84
33,Masculino,52.0,Soltero,Medio,Técnico,0,167.5,52.8,9202.63,17,2.62,4.0,No,Si,21.6
34,Femenino,,Soltero,Medio,Universitario,1,179.8,91.2,6612.15,8,1.51,3.0,No,Si,12.1
35,Femenino,47.0,Divorciado,Medio,Universitario,2,151.2,42.2,1788.08,9,3.38,4.0,No,Si,6.19
36,Femenino,17.0,Casado,Bajo,Posgrado,1,171.7,80.5,10661.77,1,0.75,4.0,No,Si,105.92
37,Masculino,38.0,Casado,Medio,Universitario,1,160.0,62.0,2567.83,8,2.33,5.0,No,No,29.02
38,Masculino,46.0,Soltero,Medio,Técnico,3,173.6,72.6,1907.88,22,0.73,4.0,Si,No,49.07
39,Femenino,36.0,Casado,Medio,Universitario,0,159.8,59.9,5270.41,37,2.15,4.0,No,No,33.71
40,Masculino,48.0,Viudo,Medio,Posgrado,2,182.2,66.2,1204.39,8,3.35,1.0,No,Si,103.01
41,Masculino,29.0,Casado,Medio,Primaria,2,159.9,51.5,63009.68,8,2.31,4.0,No,Si,39.59
42,Femenino,52.0,Soltero,Medio,Posgrado,1,145.8,58.3,507.21,18,2.24,4.0,No,Si,32.77
43,Masculino,63.0,Casado,Bajo,Secundaria,1,160.9,63.5,2157.08,43,2.53,5.0,No,Si,129.25
44,Femenino,31.0,Soltero,Medio,Universitario,2,165.6,64.2,17328.54,5,2.59,3.0,No,Si,63.59
45,Masculino,30.0,Soltero,Medio,Secundaria,2,177.7,82.3,2837.48,9,3.33,3.0,No,No,5.91
46,Femenino,52.0,Soltero,Medio,Secundaria,1,156.7,61.0,3264.08,24,3.34,4.0,No,Si,9.78
47,Masculino,54.0,Casado,Bajo,Técnico,0,156.9,53.5,13615.06,14,4.21,3.0,No,No,77.35
48,Femenino,29.0,Casado,Bajo,Universitario,1,176.6,103.3,2606.36,2,2.7,2.0,No,Si,90.35
49,Femenino,30.0,Soltero,Alto,Técnico,0,155.6,65.6,9052.09,15,0.51,5.0,No,No,39.39
50,Masculino,32.0,Soltero,Medio,Secundaria,1,,69.1,12573.55,3,3.53,,No,Si,40.42
51,Femenino,19.0,Casado,Alto,Universitario,2,166.6,63.0,7207.12,11,4.12,5.0,No,Si,49.97
52,Femenino,24.0,Soltero,Medio,Posgrado,1,170.0,80.4,1547.01,11,5.45,5.0,No,No,28.91
53,Femenino,23.0,Soltero,Medio,Técnico,2,161.3,56.6,3031.5,31,4.24,3.0,No,No,57.0
54,Femenino,26.0,Soltero,Medio,Secundaria,1,159.7,54.7,43083.52,9,1.91,4.0,No,Si,5.74
55,Femenino,35.0,Casado,Alto,Técnico,0,171.0,89.0,,5,2.72,2.0,No,Si,162.57
56,Femenino,38.0,Soltero,Medio,Primaria,1,159.9,62.9,53587.09,4,2.18,5.0,Si,Si,69.35
57,Masculino,54.0,Soltero,Medio,Universitario,1,155.8,53.0,19286.7,31,2.01,4.0,No,No,49.87
58,Masculino,23.0,Soltero,Bajo,Universitario,2,179.1,78.7,7444.68,3,2.36,3.0,Si,No,19.01
59,Masculino,47.0,Divorciado,Medio,Universitario,1,172.4,81.7,6234.09,8,4.04,3.0,No,Si,8.77
60,Masculino,32.0,Casado,Medio,Técnico,2,183.9,90.2,3388.5,3,0.59,4.0,No,Si,26.33
61,Masculino,34.0,Casado,Bajo,Universitario,2,175.1,85.6,4577.32,22,1.3,3.0,No,No,54.17
62,Masculino,43.0,Soltero,Bajo,Universitario,1,156.6,49.4,2832.8,10,3.96,3.0,No,Si,50.22
63,Femenino,22.0,Casado,Bajo,Universitario,0,168.9,79.4,4670.86,6,4.24,4.0,No,No,24.12
64,Masculino,40.0,Soltero,Bajo,Universitario,1,158.9,60.3,1652.83,7,1.71,5.0,No,Si,47.5
65,Masculino,37.0,Casado,Bajo,Universitario,0,153.1,58.2,1583.48,29,4.48,3.0,No,Si,84.03
66,Femenino,41.0,Divorciado,Medio,Universitario,1,164.0,77.3,13916.25,12,3.67,4.0,No,Si,1.33
67,Masculino,38.0,Casado,Alto,Técnico,0,176.8,84.3,1353.1,19,2.18,5.0,No,Si,29.95
68,Femenino,64.0,Divorciado,Medio,Posgrado,0,170.5,74.8,9985.71,34,0.0,2.0,No,Si,71.06
69,Masculino,,Casado,Bajo,Universitario,2,,42.5,1079.76,35,0.5,5.0,No,No,39.5
70,Otro,29.0,Soltero,Bajo,Universitario,2,163.7,65.2,8133.2,6,1.71,3.0,No,No,52.7
71,Femenino,28.0,Divorciado,Medio,Secundaria,2,166.7,60.5,4162.76,46,3.41,4.0,No,No,36.35
72,Masculino,28.0,Soltero,Medio,Universitario,0,152.8,63.0,14144.1,0,3.42,4.0,No,No,240.64
73,Masculino,27.0,Casado,Medio,Universitario,1,174.4,85.1,3768.39,7,1.94,4.0,No,Si,2.81
74,Femenino,49.0,Soltero,Medio,Secundaria,2,165.9,64.5,984.73,34,2.22,5.0,No,Si,33.77
75,Femenino,52.0,Soltero,Medio,Secundaria,1,155.5,53.6,4228.37,5,2.46,2.0,No,No,4.79
76,Femenino,28.0,Soltero,Bajo,Universitario,2,155.0,71.9,5584.38,5,2.24,3.0,No,Si,8.7
77,Femenino,25.0,Soltero,Medio,Universitario,0,177.9,70.9,4422.31,5,2.7,4.0,Si,Si,24.15
78,Masculino,41.0,Casado,Bajo,Universitario,1,164.6,55.1,7786.03,14,2.46,5.0,No,Si,8.45
79,Masculino,28.0,Casado,Alto,Secundaria,0,178.7,68.9,,9,0.49,3.0,No,Si,165.78
80,Masculino,43.0,Soltero,Medio,Universitario,1,182.1,74.8,1788.76,19,2.25,5.0,No,Si,146.68
81,Femenino,37.0,Soltero,Bajo,Secundaria,1,177.2,67.5,2208.97,34,2.47,3.0,No,No,20.48
82,Femenino,17.0,Casado,Bajo,Técnico,0,163.2,73.1,3253.17,17,3.69,3.0,No,No,51.05
83,Masculino,54.0,Soltero,Bajo,Secundaria,0,145.5,35.6,3230.92,3,1.5,4.0,No,No,38.15
84,Masculino,57.0,Casado,Medio,Secundaria,0,170.8,62.5,33688.03,40,2.74,2.0,No,No,84.53
85,Masculino,28.0,Casado,Bajo,Secundaria,1,186.8,84.9,13414.4,5,3.18,4.0,Si,No,49.37
86,Masculino,30.0,Casado,Medio,Técnico,0,167.7,71.0,8513.15,2,2.32,2.0,No,Si,0.01
87,Femenino,38.0,Casado,Bajo,Secundaria,1,150.1,68.5,7022.05,1,0.39,3.0,Si,Si,72.02
88,Femenino,39.0,Soltero,Medio,Técnico,3,161.9,78.4,6246.76,12,3.71,4.0,No,No,68.69
89,Femenino,43.0,Casado,Medio,Universitario,0,166.3,52.3,6272.94,2,3.4,4.0,No,Si,35.64
90,Masculino,59.0,Soltero,Medio,Técnico,0,158.1,44.5,5600.6,2,2.77,4.0,No,Si,116.61
91,Masculino,33.0,Soltero,Medio,Técnico,0,144.9,51.6,5075.07,5,2.55,4.0,No,Si,119.54
92,Femenino,25.0,Casado,Bajo,Universitario,3,167.1,61.8,921.97,5,0.36,3.0,No,Si,37.11
93,Femenino,18.0,Soltero,Bajo,Secundaria,1,,52.6,3658.1,14,3.43,4.0,No,Si,46.82
94,Femenino,26.0,Casado,Medio,Universitario,0,184.0,83.1,4055.22,25,4.28,5.0,No,Si,283.07
95,Femenino,35.0,Casado,Medio,Secundaria,0,168.9,72.2,2699.5,21,1.16,5.0,No,Si,17.75
96,Femenino,57.0,Divorciado,Medio,Secundaria,1,172.2,63.9,3149.89,5,4.11,2.0,No,No,19.62
97,Femenino,29.0,Divorciado,Bajo,Universitario,1,166.9,62.2,6251.64,4,3.86,1.0,No,Si,10.09
98,Masculino,38.0,Soltero,Bajo,Universitario,2,168.8,62.2,9082.2,51,1.13,5.0,No,No,113.1
99,Masculino,35.0,Soltero,Bajo,Universitario,1,153.1,54.1,6244.08,0,2.03,4.0,No,Si,68.22
100,Masculino,49.0,Casado,Alto,Universitario,1,158.6,66.4,8901.32,32,0.83,4.0,No,Si,5.58
101,Masculino,65.0,Soltero,Bajo,Posgrado,2,177.8,65.5,9028.0,3,2.42,4.0,No,Si,200.23
102,Femenino,29.0,Casado,Medio,Primaria,3,169.9,64.2,,44,3.04,3.0,No,Si,65.65
103,Masculino,29.0,Casado,Bajo,Secundaria,2,164.4,62.4,7481.93,6,0.92,4.0,No,No,95.03
104,Femenino,48.0,Casado,Medio,Primaria,1,172.4,72.7,1215.49,9,2.96,5.0,No,No,2.47
105,Femenino,43.0,Soltero,Bajo,Secundaria,2,172.6,75.9,3613.89,18,3.27,4.0,No,No,35.16
106,Masculino,57.0,Soltero,Alto,Universitario,1,185.9,109.4,3289.59,13,3.28,3.0,No,No,59.97
107,Masculino,42.0,Soltero,Alto,Universitario,0,169.5,76.1,16731.72,6,3.05,2.0,Si,Si,39.15
108,Femenino,31.0,Soltero,Bajo,Primaria,0,158.4,66.7,6436.05,12,1.03,3.0,No,Si,54.93
109,Masculino,42.0,Divorciado,Alto,Posgrado,1,167.0,65.7,1689.92,20,2.35,4.0,No,Si,85.15
110,Masculino,48.0,Soltero,Alto,Universitario,0,173.5,63.4,7908.29,1,2.92,3.0,No,Si,23.45
111,Masculino,45.0,Soltero,Medio,Secundaria,1,177.0,71.0,10176.4,0,4.25,1.0,No,Si,94.41
112,Masculino,41.0,Soltero,Medio,Secundaria,0,,51.9,4574.57,9,2.5,5.0,No,Si,8.89
113,Femenino,48.0,Casado,Bajo,Secundaria,1,170.3,75.0,8537.34,2,3.01,3.0,No,Si,15.8
114,Femenino,49.0,Casado,Medio,Secundaria,3,159.9,47.9,667.43,16,1.38,1.0,No,Si,2.22
115,Femenino,52.0,Soltero,Bajo,Secundaria,3,162.9,70.5,567.1,4,1.11,3.0,Si,Si,22.66
116,Femenino,43.0,Soltero,Bajo,Universitario,2,175.6,74.3,1914.22,9,0.96,3.0,No,No,23.89
117,Femenino,33.0,Soltero,Alto,Secundaria,1,174.7,82.6,5537.13,3,2.0,4.0,No,No,81.81
118,Masculino,37.0,Soltero,Bajo,Técnico,1,161.9,57.6,16742.92,12,4.97,5.0,No,No,52.94
119,Femenino,49.0,Casado,Medio,Posgrado,1,166.6,59.2,1995.91,2,2.02,5.0,No,No,28.7
120,Femenino,25.0,Casado,Medio,Universitario,1,163.2,61.5,2482.59,0,2.94,4.0,No,Si,52.79
121,Femenino,39.0,Soltero,Alto,Posgrado,1,194.0,86.5,42206.4,1,3.17,4.0,No,Si,2.71
122,Femenino,30.0,Soltero,Alto,Secundaria,2,170.5,79.4,,46,1.19,4.0,No,Si,9.94
123,Masculino,35.0,Viudo,Bajo,Técnico,0,160.4,70.2,3167.34,2,1.98,3.0,No,No,49.3
124,Masculino,50.0,Casado,Bajo,Universitario,0,179.9,100.9,3508.07,18,3.25,2.0,No,No,51.27
125,Masculino,37.0,Casado,Medio,Secundaria,2,180.2,73.9,14070.43,1,3.01,5.0,No,Si,74.39
126,Masculino,36.0,Soltero,Bajo,Primaria,0,184.1,43.3,12002.95,2,0.11,3.0,Si,Si,25.79
127,Femenino,19.0,Casado,Bajo,Universitario,3,186.8,80.5,5007.92,11,3.21,3.0,No,No,64.11
128,Femenino,44.0,Soltero,Medio,Universitario,0,174.4,77.0,18464.11,9,1.84,4.0,Si,Si,57.6
129,Masculino,43.0,Casado,Medio,Técnico,0,164.9,73.4,7385.12,45,1.87,4.0,No,No,165.38
130,Femenino,61.0,Viudo,Medio,Técnico,0,,70.6,12371.06,43,2.99,1.0,No,Si,12.11
131,Masculino,31.0,Soltero,Bajo,Técnico,0,165.4,62.3,2468.99,23,4.33,2.0,No,Si,40.11
132,Masculino,38.0,Soltero,Medio,Primaria,0,164.4,82.4,2913.35,14,2.26,3.0,No,No,46.04
133,Masculino,38.0,Soltero,Bajo,Técnico,0,179.2,67.1,2888.5,9,3.91,4.0,No,No,330.3
134,Masculino,54.0,Soltero,Bajo,Secundaria,2,168.0,66.4,4585.35,7,0.77,3.0,No,No,11.23
135,Femenino,34.0,Soltero,Medio,Secundaria,2,176.7,64.7,5156.07,44,2.66,4.0,No,Si,37.03
136,Masculino,38.0,Soltero,Medio,Posgrado,1,174.1,74.5,6369.92,14,1.85,4.0,No,Si,21.25
137,Femenino,42.0,Casado,Medio,Universitario,1,158.1,75.1,23824.84,13,2.84,5.0,No,No,37.32
138,Femenino,37.0,Casado,Bajo,Universitario,1,152.5,55.8,8751.87,4,2.14,3.0,No,Si,13.21
139,Masculino,30.0,Soltero,Medio,Técnico,0,156.9,59.2,3255.71,1,0.89,2.0,No,Si,2.44
140,Femenino,37.0,Divorciado,Medio,Técnico,1,164.2,50.1,4901.91,44,1.44,4.0,No,No,42.5
141,Femenino,48.0,Soltero,Medio,Secundaria,5,169.2,67.3,16382.25,6,0.53,4.0,No,Si,20.46
142,Masculino,23.0,Viudo,Medio,Secundaria,3,162.2,75.1,9186.62,9,0.93,2.0,No,Si,10.04
143,Femenino,37.0,Soltero,Alto,Secundaria,3,174.3,71.8,16210.68,2,3.08,4.0,No,No,19.57
144,Masculino,27.0,Divorciado,Medio,Universitario,0,163.3,62.4,3340.43,27,2.2,1.0,No,No,2.53
145,Masculino,49.0,Casado,Medio,Universitario,1,170.3,82.3,2781.29,0,2.78,1.0,No,Si,150.23
146,Masculino,17.0,Casado,Alto,Universitario,1,169.1,66.9,2814.01,27,4.68,,No,Si,43.51
147,Femenino,28.0,Viudo,Medio,Técnico,0,183.6,97.8,3563.19,2,2.14,3.0,No,No,84.31
148,Femenino,40.0,Soltero,Medio,Posgrado,1,159.2,50.7,2099.33,33,3.26,5.0,No,No,27.51
149,Masculino,54.0,Viudo,Medio,Secundaria,2,187.9,94.9,6223.92,20,2.53,4.0,No,No,116.81
150,Masculino,34.0,Soltero,Medio,Secundaria,1,162.7,80.1,6310.12,3,5.82,4.0,No,Si,33.02
151,Femenino,28.0,Soltero,Bajo,Técnico,2,,68.1,14343.07,13,0.0,4.0,No,Si,42.66
152,Masculino,58.0,Soltero,Medio,Universitario,1,166.0,49.5,1202.06,6,1.64,4.0,No,No,33.84
153,Masculino,18.0,Casado,Alto,Posgrado,2,197.2,86.6,,3,3.28,1.0,No,No,66.08
154,Femenino,16.0,Soltero,Alto,Secundaria,0,176.1,73.4,9362.47,29,1.6,5.0,No,No,41.81
155,Otro,40.0,Casado,Bajo,Universitario,0,173.4,84.3,5691.78,8,3.18,5.0,Si,Si,15.85
156,Masculino,29.0,Casado,Medio,Universitario,1,175.2,60.9,5094.12,8,2.43,3.0,No,Si,7.86
157,Femenino,23.0,Casado,Bajo,Secundaria,3,161.1,54.3,13508.62,3,3.54,2.0,No,Si,46.59
158,Femenino,44.0,Casado,Alto,Técnico,1,170.9,55.1,2190.83,7,1.14,,No,No,33.59
159,Masculino,38.0,Soltero,Alto,Técnico,2,168.0,61.0,2743.57,31,2.71,4.0,No,No,5.04
160,Femenino,28.0,Soltero,Medio,Posgrado,2,184.3,68.3,2496.86,7,3.06,4.0,No,Si,25.18
161,Masculino,20.0,Soltero,Medio,Secundaria,0,167.0,83.9,982.08,45,2.66,5.0,No,Si,36.16
162,Femenino,45.0,Soltero,Medio,Universitario,1,164.6,60.2,5465.74,44,2.68,4.0,No,Si,87.69
163,Femenino,43.0,Soltero,Medio,Técnico,0,157.5,66.8,3234.79,2,3.94,4.0,No,Si,3.96
164,Femenino,34.0,Soltero,Bajo,Universitario,3,169.3,70.4,2734.43,3,0.48,4.0,No,No,21.42
165,Masculino,57.0,Soltero,Medio,Técnico,2,170.6,71.3,2366.72,30,2.65,4.0,No,No,86.48
166,Femenino,22.0,Viudo,Medio,Universitario,1,157.2,55.4,4845.49,7,1.05,4.0,No,Si,52.27
167,Masculino,17.0,Casado,Medio,Universitario,2,172.1,80.5,2594.55,0,3.41,4.0,No,Si,17.12
168,Masculino,27.0,Soltero,Medio,Universitario,0,170.1,72.5,5867.91,5,1.49,4.0,No,No,93.32
169,Masculino,34.0,Casado,Alto,Universitario,0,177.1,77.9,7096.41,14,0.0,4.0,No,Si,33.99
170,Femenino,38.0,Soltero,Bajo,Secundaria,0,178.9,71.8,3882.9,24,3.44,4.0,No,Si,34.49
171,Femenino,32.0,Soltero,Medio,Universitario,2,168.8,65.5,3677.64,2,2.18,4.0,No,No,187.72
172,Masculino,39.0,Casado,Medio,Secundaria,0,158.7,66.9,5700.98,2,2.93,4.0,No,No,146.98
173,Femenino,20.0,Casado,Medio,Técnico,2,160.5,65.2,4802.64,38,4.21,4.0,No,No,22.2
174,Masculino,52.0,Soltero,Medio,Universitario,1,183.9,84.3,14244.52,21,2.95,4.0,No,Si,7.57
175,Femenino,34.0,Viudo,Bajo,Técnico,0,169.5,62.8,6339.86,13,2.7,4.0,No,Si,19.7
176,Masculino,48.0,Divorciado,Bajo,Universitario,0,183.7,105.6,11807.25,22,2.44,4.0,No,Si,1.55
177,Femenino,39.0,Casado,Medio,Posgrado,2,172.5,67.9,8009.7,8,1.12,3.0,No,Si,1.05
178,Masculino,40.0,Casado,Medio,Secundaria,2,174.8,74.5,1711.74,21,2.24,1.0,No,No,25.17
179,Femenino,42.0,Casado,Bajo,Universitario,1,176.4,74.2,3144.43,7,4.87,4.0,No,Si,141.53
180,Masculino,40.0,Soltero,Medio,Técnico,0,157.0,77.3,4729.25,4,2.05,4.0,No,No,102.54
181,Masculino,43.0,Soltero,Medio,Secundaria,4,170.8,68.5,9845.36,20,2.31,5.0,No,Si,35.81
182,Masculino,51.0,Soltero,Medio,Secundaria,0,156.9,57.0,22977.03,8,4.01,3.0,No,Si,41.65
183,Femenino,,Casado,Medio,Posgrado,2,165.4,68.2,3336.52,60,0.65,3.0,No,No,0.3
184,Femenino,44.0,Casado,Bajo,Universitario,3,173.8,66.7,5136.9,6,3.24,3.0,No,Si,12.14
185,Masculino,34.0,Soltero,Bajo,Posgrado,2,158.8,62.8,9320.1,38,0.59,2.0,No,Si,1.25
186,Femenino,52.0,Viudo,Medio,Posgrado,1,173.0,98.2,4692.58,41,2.98,4.0,No,Si,70.23
187,Femenino,27.0,Divorciado,Medio,Secundaria,1,154.5,61.0,18311.37,4,2.47,3.0,No,Si,7.87
188,Femenino,57.0,Casado,Medio,Técnico,1,178.3,80.8,1671.99,24,3.23,4.0,No,Si,101.65
189,Femenino,35.0,Casado,Medio,Universitario,1,,57.7,8454.18,9,1.29,4.0,No,Si,51.55
190,Masculino,18.0,Divorciado,Medio,Técnico,0,158.8,76.9,8388.11,37,1.86,4.0,Si,No,13.03
191,Masculino,37.0,Soltero,Alto,Técnico,2,155.1,75.3,12352.71,9,3.3,5.0,No,No,8.58
192,Femenino,27.0,Casado,Medio,Técnico,0,162.8,72.8,5164.9,20,1.89,4.0,No,Si,49.39
193,Femenino,45.0,Soltero,Medio,Universitario,3,150.8,60.9,10028.81,9,3.41,3.0,No,Si,115.55
194,Femenino,27.0,Casado,Medio,Universitario,1,163.1,63.0,4026.64,4,2.75,5.0,No,No,63.36
195,Masculino,30.0,Soltero,Bajo,Secundaria,0,177.9,81.9,2588.64,3,1.97,5.0,No,Si,21.43
196,Masculino,16.0,Divorciado,Medio,Técnico,2,166.3,59.7,2303.62,8,2.12,3.0,No,No,44.26
197,Femenino,30.0,Divorciado,Bajo,Universitario,0,157.4,50.9,1551.35,21,2.5,1.0,No,No,18.61
198,Femenino,16.0,Soltero,Alto,Universitario,1,170.0,55.8,3452.7,14,2.24,2.0,Si,Si,353.49
199,Femenino,16.0,Casado,Medio,Secundaria,1,169.2,74.3,6305.58,18,3.38,3.0,No,No,69.08
200,Femenino,44.0,Viudo,Medio,Universitario,0,185.6,67.8,4160.93,5,2.05,5.0,No,No,47.65
201,Femenino,44.0,Casado,Medio,Primaria,1,175.1,69.8,5758.16,10,1.81,4.0,Si,No,412.8
202,Masculino,40.0,Divorciado,Bajo,Técnico,0,170.8,70.8,13199.09,1,3.59,3.0,Si,Si,48.14
203,Masculino,23.0,Casado,Bajo,Universitario,1,176.1,86.8,3248.7,26,1.99,5.0,No,Si,20.9
204,Femenino,34.0,Soltero,Medio,Universitario,1,166.8,62.5,31959.9,69,1.85,4.0,No,No,1.46
205,Femenino,35.0,Soltero,Bajo,Secundaria,2,167.3,79.5,8992.93,8,0.0,3.0,No,Si,25.13
206,Masculino,21.0,Soltero,Medio,Universitario,3,182.9,93.0,4198.4,0,1.25,5.0,No,No,133.31
207,Masculino,53.0,Casado,Alto,Universitario,0,153.3,48.8,4122.93,3,1.49,5.0,Si,Si,49.22
208,Femenino,46.0,Soltero,Alto,Universitario,0,176.7,88.8,2194.03,16,1.85,5.0,No,Si,4.38
209,Masculino,32.0,Casado,Medio,Universitario,0,167.0,65.6,4814.69,14,1.63,4.0,Si,No,108.14
210,Masculino,35.0,Casado,Bajo,Universitario,0,165.4,62.2,871.94,23,3.68,4.0,No,No,15.66
211,Femenino,38.0,Casado,Alto,Técnico,0,163.0,62.5,13421.5,4,1.57,3.0,Si,No,13.97
212,Femenino,16.0,Divorciado,Alto,Secundaria,0,169.4,70.3,516.31,22,1.66,4.0,No,No,17.63
213,Femenino,32.0,Viudo,Bajo,Secundaria,2,167.6,64.7,5081.7,17,2.69,5.0,No,Si,43.04
214,Masculino,27.0,Soltero,Medio,Técnico,0,164.3,58.2,1968.07,6,1.18,3.0,No,Si,39.34
215,Femenino,23.0,Casado,Bajo,Universitario,1,161.7,57.2,,12,4.38,4.0,No,No,33.81
216,Masculino,32.0,Casado,Medio,Universitario,0,150.9,56.9,3109.69,2,3.46,4.0,No,Si,63.21
217,Masculino,57.0,Casado,Alto,Secundaria,0,161.5,62.4,22936.87,9,1.1,1.0,Si,No,19.03
218,Femenino,43.0,Viudo,Bajo,Primaria,2,163.4,70.3,2033.27,32,3.72,4.0,No,Si,76.18
219,Femenino,28.0,Soltero,Alto,Técnico,2,169.4,70.8,10212.91,8,3.97,3.0,No,Si,9.64
220,Femenino,42.0,Soltero,Medio,Secundaria,2,185.7,85.4,12435.64,27,1.13,4.0,Si,Si,76.31
221,Femenino,,Divorciado,Alto,Universitario,0,162.5,70.2,756.92,13,1.1,2.0,No,Si,54.5
222,Femenino,46.0,Soltero,Medio,Primaria,2,158.8,74.3,3004.05,3,1.77,5.0,No,No,57.48
223,Masculino,36.0,Casado,Medio,Universitario,2,161.6,77.3,16115.99,13,0.8,3.0,No,No,32.85
224,Masculino,27.0,Divorciado,Bajo,Posgrado,4,169.4,83.8,1716.74,11,1.56,3.0,No,No,54.98
225,Masculino,43.0,Soltero,Bajo,Secundaria,0,173.3,82.7,12818.19,8,2.02,2.0,No,Si,4.16
226,Masculino,40.0,Divorciado,Bajo,Técnico,1,174.6,96.9,4845.02,2,3.1,5.0,No,Si,95.38
227,Femenino,46.0,Soltero,Alto,Secundaria,2,175.4,80.1,4680.32,8,2.6,4.0,Si,Si,2.86
228,Masculino,43.0,Casado,Medio,Universitario,1,176.7,80.1,5195.73,1,2.32,4.0,No,Si,8.05
229,Femenino,48.0,Casado,Alto,Universitario,1,165.5,88.6,6464.35,2,1.92,4.0,No,Si,42.99
230,Femenino,29.0,Divorciado,Alto,Técnico,3,186.5,52.0,2288.13,8,0.93,4.0,No,Si,67.24
231,Femenino,51.0,Soltero,Bajo,Universitario,2,164.8,64.5,3990.47,5,3.21,2.0,No,Si,3.97
232,Femenino,37.0,Casado,Medio,Universitario,0,169.0,82.5,6610.92,39,3.18,4.0,No,Si,126.77
233,Femenino,60.0,Casado,Bajo,Secundaria,0,179.7,90.2,5661.87,7,1.76,3.0,No,Si,181.73
234,Femenino,27.0,Casado,Bajo,Primaria,3,173.1,100.3,6498.85,21,1.18,5.0,No,Si,46.56
235,Masculino,56.0,Casado,Bajo,Universitario,1,147.8,54.3,2765.7,11,4.37,4.0,Si,Si,32.82
236,Femenino,37.0,Soltero,Medio,Universitario,1,168.1,65.0,8150.54,18,2.8,4.0,No,Si,67.62
237,Masculino,27.0,Soltero,Bajo,Universitario,0,175.8,72.1,5438.08,5,2.98,3.0,Si,No,19.9
238,Masculino,29.0,Soltero,Bajo,Universitario,1,155.9,62.3,1387.75,43,3.03,4.0,No,Si,33.99
239,Femenino,31.0,Casado,Bajo,Universitario,1,174.8,92.2,3212.82,11,1.06,2.0,No,No,123.94
240,Masculino,40.0,Soltero,Bajo,Técnico,1,171.5,88.9,2400.89,27,4.3,3.0,No,Si,155.79
241,Femenino,41.0,Soltero,Alto,Universitario,0,178.7,77.6,2376.29,7,2.02,3.0,No,No,130.91
242,Femenino,28.0,Viudo,Medio,Posgrado,1,161.8,66.5,3357.04,2,3.49,4.0,No,Si,15.22
243,Femenino,35.0,Soltero,Alto,Universitario,2,177.0,70.0,8028.7,17,4.25,4.0,No,No,13.23
244,Masculino,61.0,Viudo,Medio,Secundaria,0,169.4,65.2,2976.69,0,2.6,3.0,No,Si,17.67
245,Masculino,56.0,Casado,Bajo,Secundaria,3,183.9,95.2,5884.32,10,1.08,2.0,No,No,29.11
246,Femenino,40.0,Casado,Medio,Secundaria,1,193.1,112.3,5161.23,3,0.0,4.0,No,Si,18.86
247,Masculino,35.0,Soltero,Bajo,Secundaria,2,181.8,72.9,2635.32,15,2.45,4.0,Si,Si,23.44
248,Femenino,36.0,Soltero,Bajo,Técnico,0,172.3,75.3,3729.94,58,2.8,3.0,No,No,48.46
249,Femenino,42.0,Casado,Bajo,Universitario,0,188.9,84.4,9817.08,9,1.8,3.0,No,Si,71.88
250,Femenino,23.0,Casado,Bajo,Universitario,0,173.4,82.8,5540.53,26,2.66,5.0,No,No,66.51
251,Masculino,32.0,Casado,Bajo,Técnico,1,159.8,59.1,7624.04,11,3.02,5.0,No,Si,84.21
252,Masculino,16.0,Soltero,Medio,Universitario,0,167.6,49.9,13602.34,10,3.69,5.0,No,Si,1.64
253,Femenino,40.0,Casado,Medio,Secundaria,2,174.9,85.7,6960.1,40,2.23,5.0,No,No,2.45
254,Masculino,43.0,Casado,Bajo,Secundaria,1,175.4,72.1,1057.27,33,2.45,3.0,No,Si,77.89
255,Masculino,29.0,Casado,Bajo,Secundaria,2,157.9,59.3,6102.65,23,2.29,3.0,No,Si,38.08
256,Femenino,54.0,Casado,Medio,Universitario,0,158.2,65.1,2997.43,5,2.54,3.0,No,No,43.15
257,Femenino,20.0,Casado,Bajo,Secundaria,0,164.9,70.0,20915.42,12,1.88,3.0,Si,No,2.7
258,Femenino,17.0,Casado,Bajo,Secundaria,0,172.8,77.9,6764.31,4,1.88,5.0,No,No,14.74
259,Femenino,38.0,Soltero,Alto,Técnico,2,174.0,56.9,3047.42,9,1.95,4.0,No,Si,50.85
260,Masculino,48.0,Casado,Bajo,Universitario,2,169.3,75.8,7732.67,10,2.69,4.0,No,Si,98.01
261,Femenino,55.0,Soltero,Bajo,Primaria,1,160.5,45.9,5285.03,27,1.48,3.0,Si,Si,124.44
262,Otro,29.0,Soltero,Medio,Universitario,1,183.6,91.7,1243.44,34,1.96,5.0,Si,Si,34.7
263,Masculino,48.0,Soltero,Bajo,Universitario,0,158.4,71.3,9803.05,8,4.67,5.0,No,No,39.43
264,Femenino,35.0,Soltero,Medio,Universitario,1,179.7,63.6,3553.07,0,3.58,3.0,No,Si,89.5
265,Femenino,33.0,Soltero,Medio,Posgrado,3,174.6,78.2,15313.57,30,1.35,5.0,No,Si,38.57
266,Femenino,46.0,Soltero,Bajo,Primaria,3,179.5,90.9,4449.09,3,3.54,3.0,No,Si,36.37
267,Femenino,43.0,Casado,Medio,Secundaria,2,164.0,61.7,15544.07,15,3.25,2.0,No,No,117.74
268,Femenino,16.0,Divorciado,Medio,Universitario,0,166.7,74.6,6904.43,0,2.38,4.0,No,No,78.02
269,Masculino,53.0,Soltero,Bajo,Técnico,0,168.5,41.9,10713.92,8,1.65,4.0,No,No,119.88
270,Masculino,52.0,Viudo,Medio,Universitario,0,163.7,76.0,3316.1,64,1.51,2.0,Si,Si,12.31
271,Femenino,27.0,Casado,Bajo,Universitario,1,170.0,71.1,6518.54,2,2.77,3.0,No,No,37.16
272,Femenino,40.0,Soltero,Medio,Universitario,0,182.2,78.3,1235.23,8,1.48,5.0,No,No,92.41
273,Femenino,41.0,Soltero,Bajo,Posgrado,1,156.3,68.3,4439.83,6,3.82,4.0,No,Si,5.89
274,Femenino,38.0,Casado,Medio,Posgrado,1,162.1,80.3,1498.73,35,4.16,4.0,Si,Si,79.15
275,Femenino,28.0,Casado,Bajo,Universitario,3,161.1,68.0,1969.66,31,2.45,3.0,No,Si,10.1
276,Femenino,27.0,Casado,Medio,Secundaria,1,167.2,84.2,2409.94,4,3.87,2.0,No,Si,82.54
277,Femenino,35.0,Soltero,Bajo,Universitario,0,166.8,53.0,8335.98,1,2.01,3.0,No,No,47.34
278,Femenino,49.0,Soltero,Medio,Primaria,0,175.0,82.2,4368.22,15,1.64,3.0,No,Si,10.74
279,Femenino,42.0,Soltero,Medio,Secundaria,1,168.3,68.1,5039.9,6,3.82,3.0,No,Si,32.06
280,Femenino,31.0,Soltero,Medio,Universitario,1,170.7,63.4,4274.1,17,4.4,3.0,No,No,57.27
281,Femenino,44.0,Soltero,Medio,Secundaria,1,171.6,52.3,11667.66,0,4.86,4.0,No,No,50.24
282,Masculino,16.0,Soltero,Medio,Secundaria,1,170.2,77.2,4930.69,2,2.9,3.0,No,No,27.87
283,Masculino,49.0,Casado,Medio,Secundaria,0,174.3,83.7,,17,3.53,5.0,No,Si,114.81
284,Masculino,16.0,Divorciado,Alto,Universitario,2,166.9,81.3,3114.42,4,2.87,3.0,No,Si,36.62
285,Femenino,31.0,Soltero,Bajo,Universitario,0,182.8,95.6,12326.76,29,4.18,4.0,Si,Si,35.25
286,Masculino,22.0,Divorciado,Medio,Universitario,2,190.9,79.4,13088.79,1,3.02,1.0,No,Si,3.21
287,Masculino,19.0,Soltero,Medio,Secundaria,0,174.4,88.3,4771.85,4,3.47,4.0,No,Si,127.63
288,Femenino,49.0,Casado,Alto,Universitario,2,170.1,85.0,3079.63,98,1.14,2.0,Si,Si,9.75
289,Masculino,29.0,Soltero,Alto,Universitario,1,173.6,71.1,1349.14,9,2.22,5.0,No,Si,37.58
290,Femenino,39.0,Casado,Medio,Técnico,1,158.1,61.5,2453.14,18,3.48,4.0,No,Si,81.37
291,Masculino,34.0,Viudo,Bajo,Técnico,2,169.6,61.1,868.12,3,3.37,4.0,No,Si,12.13
292,Masculino,41.0,Casado,Medio,Secundaria,3,161.4,77.3,2371.99,14,3.58,2.0,No,No,37.47
293,Femenino,36.0,Soltero,Medio,Posgrado,2,172.6,57.2,6539.24,19,2.64,4.0,No,No,13.77
294,Masculino,20.0,Casado,Medio,Universitario,0,161.5,68.8,4720.55,6,1.72,4.0,No,Si,71.29
295,Masculino,47.0,Soltero,Medio,Posgrado,1,164.9,60.9,31527.44,26,2.43,3.0,Si,Si,41.54
296,Femenino,29.0,Divorciado,Medio,Técnico,1,151.2,47.1,3652.45,14,2.56,4.0,No,Si,96.89
297,Femenino,16.0,Casado,Medio,Universitario,2,157.4,44.4,3431.3,7,2.79,5.0,No,Si,112.48
298,Masculino,30.0,Soltero,Alto,Universitario,1,171.2,69.6,11501.3,12,1.34,4.0,No,Si,52.31
299,Femenino,53.0,Casado,Medio,Universitario,1,160.2,51.5,1052.0,13,2.18,5.0,No,No,64.62
300,Masculino,45.0,Casado,Bajo,Posgrado,1,177.6,77.9,1502.05,3,2.39,5.0,No,No,39.84
301,Masculino,31.0,Soltero,Medio,Técnico,1,159.4,78.0,8358.82,8,0.0,5.0,No,No,24.26
302,Femenino,31.0,Casado,Medio,Secundaria,0,172.1,74.6,4203.45,6,3.5,4.0,No,No,52.22
303,Femenino,31.0,Soltero,Bajo,Universitario,2,161.1,81.7,4281.26,8,2.7,4.0,Si,No,119.46
304,Femenino,60.0,Casado,Bajo,Universitario,1,171.5,61.9,2322.22,21,2.82,4.0,No,Si,26.95
305,Femenino,40.0,Casado,Alto,Universitario,0,154.2,47.6,5953.99,10,1.88,4.0,No,No,18.87
306,Femenino,40.0,Casado,Bajo,Secundaria,2,163.9,56.2,2574.94,42,3.2,5.0,No,Si,24.59
307,Femenino,47.0,Casado,Medio,Universitario,1,160.4,62.4,5209.27,5,1.5,1.0,No,No,28.58
308,Masculino,38.0,Casado,Medio,Técnico,1,175.9,105.3,1945.38,8,1.69,3.0,No,Si,3.82
309,Femenino,32.0,Soltero,Medio,Técnico,1,172.2,55.4,4247.49,23,3.25,3.0,No,Si,34.5
310,Masculino,33.0,Casado,Medio,Universitario,3,156.9,65.7,24832.17,12,2.93,3.0,No,No,34.09
311,Masculino,34.0,Soltero,Bajo,Universitario,1,166.2,60.9,3498.37,12,0.97,3.0,No,Si,44.39
312,Masculino,35.0,Casado,Medio,Secundaria,0,161.0,61.5,4423.09,1,4.39,4.0,No,Si,22.54
313,Masculino,44.0,Soltero,Medio,Técnico,0,176.6,62.7,4179.65,8,1.59,2.0,No,Si,47.48
314,Femenino,36.0,Soltero,Medio,Secundaria,2,179.4,88.8,5651.21,5,2.34,4.0,Si,Si,105.28
315,Femenino,44.0,Casado,Bajo,Secundaria,1,155.0,58.5,7147.53,110,4.6,4.0,No,No,155.58
316,Femenino,34.0,Soltero,Medio,Universitario,0,175.4,87.1,6037.77,6,0.03,3.0,No,No,43.81
317,Masculino,36.0,Casado,Bajo,Posgrado,0,160.6,64.8,6145.36,32,0.45,3.0,No,Si,2.18
318,Masculino,16.0,Soltero,Bajo,Técnico,1,165.7,48.7,4252.8,17,3.03,4.0,No,Si,174.07
319,Masculino,46.0,Soltero,Bajo,Universitario,0,168.3,80.3,5325.34,6,0.0,4.0,No,No,61.19
320,Masculino,39.0,Casado,Bajo,Universitario,2,184.3,59.3,4141.59,12,0.05,5.0,No,Si,20.47
321,Femenino,47.0,Soltero,Medio,Universitario,1,159.0,45.4,1152.99,28,3.91,5.0,No,Si,7.96
322,Femenino,16.0,Soltero,Bajo,Secundaria,2,175.5,65.6,40315.53,32,2.01,5.0,Si,Si,7.74
323,Femenino,60.0,Casado,Alto,Posgrado,0,157.5,52.9,8800.27,3,5.14,4.0,No,No,9.18
324,Masculino,33.0,Soltero,Alto,Técnico,2,156.8,72.2,2245.19,6,1.26,5.0,No,Si,2.33
325,Femenino,48.0,Casado,Medio,Técnico,1,168.3,67.7,5907.92,6,2.12,5.0,No,Si,116.22
326,Femenino,23.0,Soltero,Bajo,Secundaria,1,168.2,81.7,1674.19,1,3.15,5.0,No,Si,38.91
327,Femenino,42.0,Soltero,Medio,Técnico,1,142.5,45.7,3309.79,14,3.07,,No,Si,60.19
328,Femenino,22.0,Casado,Medio,Secundaria,2,178.4,81.5,1501.78,29,2.19,5.0,No,Si,88.04
329,Masculino,28.0,Soltero,Medio,Secundaria,3,148.7,57.8,4717.58,7,1.72,4.0,No,Si,78.4
330,Masculino,58.0,Soltero,Bajo,Técnico,3,166.7,74.9,1387.02,20,2.78,4.0,Si,Si,107.11
331,Masculino,33.0,Soltero,Medio,Universitario,2,179.9,74.0,6705.87,15,4.15,2.0,No,Si,170.95
332,Femenino,38.0,Soltero,Medio,Universitario,1,187.9,81.8,8482.64,7,3.42,3.0,No,Si,28.91
333,Masculino,45.0,Casado,Medio,Técnico,0,164.7,63.6,2536.18,2,1.74,3.0,No,No,150.12
334,Masculino,41.0,Soltero,Bajo,Universitario,1,155.1,45.0,5589.89,19,1.31,3.0,No,No,64.24
335,Masculino,37.0,Casado,Medio,Universitario,1,179.6,78.1,2430.93,29,1.67,2.0,No,Si,3.66
336,Masculino,39.0,Divorciado,Bajo,Universitario,1,175.8,71.6,7401.11,17,0.97,5.0,No,Si,57.25
337,Femenino,64.0,Soltero,Bajo,Secundaria,0,163.6,71.0,2833.04,0,2.68,1.0,No,Si,58.03
338,Femenino,34.0,Divorciado,Alto,Universitario,0,162.5,65.5,9238.88,4,3.48,3.0,No,No,118.15
339,Masculino,37.0,Soltero,Bajo,Posgrado,3,161.5,76.1,1153.7,1,2.41,3.0,No,No,23.34
340,Masculino,48.0,Viudo,Bajo,Universitario,0,164.9,67.3,2199.57,13,4.56,4.0,No,Si,43.96
341,Femenino,48.0,Soltero,Bajo,Técnico,1,170.8,65.7,2024.23,21,4.63,3.0,No,No,0.61
342,Masculino,49.0,Casado,Alto,Universitario,1,162.9,65.6,5783.03,2,2.87,3.0,No,No,20.18
343,Masculino,43.0,Casado,Medio,Universitario,2,164.0,72.7,7662.33,27,3.34,4.0,No,No,3.21
344,Masculino,21.0,Soltero,Medio,Universitario,1,173.8,55.3,6151.86,12,1.42,4.0,Si,Si,36.89
345,Masculino,55.0,Casado,Medio,Secundaria,1,154.7,52.6,3270.89,18,2.07,2.0,No,Si,85.04
346,Femenino,21.0,Casado,Bajo,Técnico,2,164.6,59.8,525.28,53,4.03,3.0,No,Si,11.56
347,Femenino,39.0,Soltero,Medio,Universitario,2,152.9,60.6,5069.32,1,1.8,3.0,Si,No,37.48
348,Masculino,26.0,Soltero,Medio,Universitario,1,169.0,75.2,9232.08,35,4.28,5.0,No,No,11.41
349,Masculino,34.0,Casado,Bajo,Secundaria,3,150.5,56.3,41957.27,2,3.84,3.0,Si,Si,6.43
350,Femenino,39.0,Casado,Medio,Posgrado,2,176.0,49.0,3499.88,7,3.4,4.0,No,Si,35.77
351,Femenino,39.0,Viudo,Alto,Técnico,1,156.2,45.7,2886.35,29,1.09,3.0,No,Si,4.12
352,Femenino,40.0,Casado,Bajo,Universitario,0,152.0,54.7,6349.96,36,2.13,4.0,No,Si,44.26
353,Femenino,54.0,Viudo,Bajo,Universitario,2,164.7,61.7,4004.1,11,3.27,2.0,No,Si,1.59
354,Masculino,40.0,Casado,Bajo,Universitario,0,183.4,82.5,13633.68,14,1.32,1.0,No,Si,5.64
355,Masculino,32.0,Soltero,Bajo,Posgrado,0,174.4,69.5,2574.6,18,2.27,4.0,No,Si,39.93
356,Femenino,47.0,Soltero,Alto,Técnico,0,150.7,67.8,4027.58,27,3.4,3.0,No,No,44.75
357,Masculino,49.0,Casado,Medio,Universitario,1,155.9,40.0,9906.74,2,1.82,2.0,No,Si,1.47
358,Femenino,20.0,Casado,Medio,Secundaria,1,164.4,69.1,6289.84,25,1.48,4.0,No,Si,42.59
359,Femenino,42.0,Soltero,Medio,Universitario,1,188.1,96.9,,10,0.34,5.0,No,Si,91.16
360,Femenino,43.0,Soltero,Bajo,Universitario,1,159.5,68.6,3465.97,9,2.04,3.0,No,No,64.06
361,Masculino,31.0,Viudo,Medio,Universitario,1,159.6,69.4,13502.47,8,3.43,4.0,No,Si,7.03
362,Femenino,52.0,Casado,Medio,Secundaria,2,,91.6,1298.45,11,1.45,5.0,No,No,44.88
363,Masculino,33.0,Soltero,Medio,Universitario,2,169.8,64.5,1340.71,44,2.52,5.0,No,Si,55.78
364,Femenino,37.0,Casado,Alto,Secundaria,1,177.5,65.0,13673.73,12,2.23,4.0,Si,No,1.9
365,Femenino,33.0,Soltero,Medio,Secundaria,2,161.5,45.3,4943.75,46,1.7,4.0,No,No,96.67
366,Masculino,35.0,Soltero,Medio,Universitario,3,167.1,64.9,10266.62,3,3.51,2.0,No,Si,118.37
367,Femenino,22.0,Soltero,Medio,Técnico,2,179.8,70.4,5321.85,19,4.47,4.0,No,No,95.01
368,Femenino,18.0,Soltero,Bajo,Universitario,2,166.7,79.4,4887.16,25,3.71,3.0,No,Si,87.04
369,Masculino,54.0,Casado,Bajo,Técnico,3,178.1,74.5,1698.64,17,1.66,3.0,No,Si,68.32
370,Masculino,,Soltero,Bajo,Secundaria,1,171.5,61.5,4810.37,14,4.89,4.0,No,Si,50.18
371,Masculino,23.0,Casado,Bajo,Universitario,1,158.6,51.2,14607.43,12,3.7,2.0,No,Si,56.76
372,Masculino,16.0,Divorciado,Medio,Universitario,2,167.9,88.7,5142.71,30,1.95,4.0,No,No,82.1
373,Masculino,27.0,Soltero,Medio,Secundaria,0,176.8,76.3,8481.67,26,1.57,4.0,No,No,54.31
374,Femenino,19.0,Casado,Alto,Universitario,0,174.0,65.9,8295.75,2,3.85,4.0,No,Si,19.85
375,Masculino,55.0,Casado,Medio,Universitario,1,167.6,70.0,2186.01,28,2.71,2.0,No,Si,23.58
376,Masculino,47.0,Divorciado,Medio,Universitario,0,151.0,71.0,9756.65,8,1.48,2.0,No,Si,113.68
377,Femenino,27.0,Soltero,Bajo,Técnico,1,151.8,53.3,3823.87,4,2.32,4.0,No,No,0.86
378,Masculino,62.0,Casado,Bajo,Universitario,0,153.8,63.6,3992.92,31,2.01,5.0,No,Si,60.0
379,Femenino,47.0,Casado,Medio,Universitario,0,163.4,76.5,26321.89,8,1.51,2.0,Si,No,154.81
380,Masculino,31.0,Soltero,Medio,Universitario,1,164.6,48.4,7925.52,25,3.72,3.0,No,Si,61.25
381,Masculino,16.0,Soltero,Medio,Secundaria,1,154.7,53.3,2948.93,5,3.44,5.0,No,Si,255.07
382,Femenino,62.0,Casado,Bajo,Universitario,2,177.2,88.6,5175.19,0,3.51,2.0,No,No,58.16
383,Femenino,18.0,Casado,Bajo,Universitario,0,156.6,54.1,5060.88,10,3.49,5.0,No,Si,1.75
384,Femenino,16.0,Soltero,Medio,Universitario,2,155.7,62.9,18937.03,2,1.4,4.0,No,Si,87.73
385,Femenino,47.0,Casado,Bajo,Técnico,1,168.8,62.2,5072.4,21,1.78,4.0,No,Si,16.75
386,Femenino,64.0,Soltero,Bajo,Universitario,1,176.8,71.7,28750.17,5,4.25,3.0,Si,Si,29.53
387,Masculino,52.0,Casado,Medio,Universitario,1,186.5,78.3,1741.69,9,2.63,3.0,No,No,18.71
388,Masculino,42.0,Soltero,Bajo,Secundaria,0,173.2,80.2,4789.2,1,0.74,3.0,Si,Si,15.64
389,Femenino,42.0,Divorciado,Medio,Técnico,1,182.2,83.7,2669.68,5,2.76,5.0,No,Si,28.23
390,Femenino,45.0,Soltero,Bajo,Universitario,1,157.1,61.3,3308.13,23,3.29,4.0,No,Si,23.8
391,Otro,44.0,Soltero,Bajo,Primaria,1,187.4,116.9,3366.08,2,3.13,4.0,Si,Si,50.17
392,Masculino,38.0,Soltero,Medio,Posgrado,1,151.2,69.9,2782.08,16,1.37,4.0,No,No,83.87
393,Masculino,36.0,Soltero,Medio,Universitario,1,163.5,47.0,19616.72,37,4.76,3.0,No,No,17.63
394,Femenino,34.0,Casado,Medio,Universitario,0,,68.7,15337.38,17,0.7,4.0,Si,No,12.02
395,Masculino,26.0,Soltero,Medio,Secundaria,1,153.6,77.8,6782.6,25,2.63,4.0,No,Si,54.96
396,Femenino,32.0,Casado,Bajo,Secundaria,0,159.7,57.4,3362.76,2,4.58,4.0,No,Si,55.48
397,Femenino,16.0,Soltero,Medio,Posgrado,3,158.2,79.6,2845.27,4,3.21,3.0,No,Si,115.7
398,Masculino,34.0,Soltero,Bajo,Secundaria,1,165.2,62.8,8896.8,34,3.5,4.0,No,No,0.8
399,Femenino,23.0,Soltero,Medio,Universitario,3,180.8,77.4,6248.65,19,1.24,5.0,No,Si,95.88
400,Femenino,22.0,Soltero,Medio,Técnico,1,168.2,77.9,4377.09,15,2.92,4.0,No,Si,36.8
401,Masculino,37.0,Soltero,Alto,Secundaria,0,163.8,64.9,7577.62,16,2.46,2.0,No,No,728.25
402,Femenino,52.0,Soltero,Medio,Primaria,0,142.0,52.9,10025.19,8,1.14,,Si,Si,4.79
403,Femenino,46.0,Casado,Bajo,Universitario,3,172.2,89.0,4344.94,1,3.54,3.0,No,Si,28.34
404,Femenino,16.0,Soltero,Bajo,Posgrado,0,175.1,83.3,2617.93,23,1.52,4.0,No,Si,12.89
405,Masculino,23.0,Casado,Medio,Técnico,0,152.7,58.3,1708.05,17,1.66,5.0,Si,Si,14.67
406,Femenino,46.0,Casado,Medio,Técnico,0,167.4,85.1,6005.95,10,3.02,4.0,No,Si,35.07
407,Masculino,23.0,Soltero,Medio,Técnico,1,169.7,79.4,27827.97,35,2.33,4.0,Si,Si,83.69
408,Masculino,32.0,Casado,Bajo,Universitario,1,176.7,68.5,2021.25,6,2.7,4.0,No,Si,68.09
409,Femenino,42.0,Viudo,Bajo,Técnico,0,161.5,82.0,11843.98,5,2.25,2.0,No,Si,44.7
410,Masculino,23.0,Casado,Bajo,Universitario,0,160.1,68.6,2862.8,31,4.2,3.0,No,No,38.76
411,Masculino,36.0,Casado,Alto,Universitario,2,163.9,63.8,3363.63,24,1.39,5.0,No,Si,27.87
412,Femenino,19.0,Soltero,Medio,Universitario,2,179.6,56.2,10218.33,11,1.94,4.0,No,No,180.06
413,Femenino,28.0,Casado,Alto,Secundaria,0,177.4,61.9,4006.98,2,3.08,1.0,Si,Si,41.07
414,Femenino,39.0,Casado,Bajo,Posgrado,2,167.8,85.7,5994.56,4,1.31,3.0,No,Si,14.65
415,Femenino,16.0,Casado,Medio,Secundaria,1,177.2,96.0,5903.35,16,1.26,4.0,No,No,13.07
416,Masculino,40.0,Viudo,Medio,Secundaria,3,146.7,53.4,,7,2.67,4.0,No,Si,47.25
417,Masculino,35.0,Soltero,Bajo,Universitario,0,175.1,56.1,10057.54,27,3.54,5.0,No,Si,36.99
418,Masculino,42.0,Soltero,Medio,Universitario,0,157.9,51.6,4678.51,45,3.7,3.0,Si,No,0.39
419,Femenino,38.0,Casado,Alto,Técnico,0,183.9,63.6,1618.4,25,2.61,5.0,No,Si,88.62
420,Femenino,51.0,Casado,Alto,Técnico,0,158.4,46.9,2406.7,7,1.69,4.0,Si,Si,60.89
421,Femenino,37.0,Soltero,Medio,Universitario,2,160.3,81.2,406.13,23,2.83,4.0,Si,Si,54.21
422,Femenino,30.0,Soltero,Bajo,Secundaria,1,173.1,95.0,5123.5,6,3.18,4.0,No,No,3.56
423,Masculino,36.0,Soltero,Bajo,Universitario,0,173.9,62.2,13950.26,3,2.81,2.0,Si,No,22.48
424,Femenino,42.0,Soltero,Alto,Universitario,0,164.0,65.8,2126.6,1,3.98,5.0,Si,Si,136.96
425,Masculino,36.0,Casado,Bajo,Técnico,1,171.3,58.7,7851.27,7,1.28,,No,Si,99.24
426,Femenino,35.0,Casado,Medio,Técnico,1,172.5,72.7,6935.82,35,1.66,3.0,Si,Si,16.81
427,Masculino,27.0,Soltero,Medio,Secundaria,1,171.5,88.9,2693.23,4,3.81,5.0,No,Si,8.54
428,Femenino,27.0,Soltero,Medio,Universitario,0,164.4,76.4,16801.57,3,0.73,4.0,Si,Si,29.81
429,Masculino,18.0,Soltero,Alto,Universitario,0,172.5,81.3,3951.58,53,1.85,5.0,No,Si,21.99
430,Masculino,56.0,Soltero,Bajo,Técnico,1,180.7,77.8,24543.8,0,1.62,4.0,No,Si,57.32
431,Masculino,20.0,Casado,Bajo,Universitario,2,157.0,71.3,1328.04,23,0.62,3.0,No,Si,169.71
432,Femenino,27.0,Viudo,Bajo,Posgrado,1,160.4,68.9,3962.74,6,2.28,5.0,No,No,22.55
433,Femenino,26.0,Casado,Medio,Técnico,0,168.2,73.3,4358.13,1,3.4,1.0,No,Si,3.21
434,Masculino,46.0,Soltero,Bajo,Posgrado,0,158.5,60.5,4757.65,37,2.69,5.0,Si,Si,113.95
435,Masculino,31.0,Divorciado,Bajo,Técnico,1,151.8,59.0,8717.3,2,3.46,3.0,Si,Si,1.93
436,Femenino,50.0,Casado,Medio,Secundaria,0,177.8,80.6,74496.09,12,3.93,5.0,Si,No,152.63
437,Masculino,27.0,Casado,Alto,Secundaria,1,147.9,49.4,7073.09,5,2.04,2.0,No,No,54.62
438,Femenino,38.0,Casado,Bajo,Técnico,2,164.4,58.9,5011.01,1,5.68,4.0,No,No,142.1
439,Femenino,25.0,Soltero,Medio,Secundaria,0,174.8,64.2,2044.77,1,2.09,5.0,No,Si,11.14
440,Masculino,61.0,Soltero,Alto,Primaria,0,170.4,61.7,1083.46,2,2.24,4.0,No,No,2.08
441,Masculino,21.0,Soltero,Bajo,Posgrado,3,164.5,64.5,12534.11,1,1.65,4.0,Si,Si,33.49
442,Otro,39.0,Soltero,Bajo,Universitario,1,158.1,58.2,3173.44,21,3.15,5.0,No,Si,29.95
443,Masculino,43.0,Soltero,Bajo,Universitario,0,171.1,65.4,39471.2,10,2.15,4.0,Si,Si,20.14
444,Masculino,40.0,Casado,Medio,Secundaria,1,159.1,55.9,,6,2.41,5.0,No,No,158.1
445,Femenino,33.0,Casado,Bajo,Secundaria,0,170.4,74.1,6459.11,8,2.25,4.0,No,No,86.46
446,Femenino,33.0,Casado,Alto,Secundaria,1,169.3,84.0,6736.55,40,2.23,3.0,No,No,54.17
447,Otro,36.0,Soltero,Medio,Universitario,2,169.4,70.2,,36,2.69,1.0,No,No,8.89
448,Femenino,33.0,Viudo,Medio,Posgrado,1,162.2,63.8,2819.59,19,1.96,3.0,No,Si,66.27
449,Masculino,47.0,Divorciado,Bajo,Técnico,1,186.3,73.7,1210.51,32,2.02,2.0,No,Si,64.92
450,Masculino,62.0,Casado,Medio,Secundaria,0,171.2,69.5,3163.56,6,3.79,4.0,No,Si,27.68
451,Femenino,28.0,Viudo,Medio,Universitario,1,165.5,78.5,4843.12,7,2.15,3.0,No,No,129.37
452,Femenino,19.0,Casado,Medio,Técnico,1,170.4,81.7,2927.04,14,2.96,1.0,No,Si,9.13
453,Masculino,34.0,Viudo,Medio,Técnico,2,161.0,72.3,1756.6,15,1.43,1.0,No,No,15.55
454,Femenino,66.0,Soltero,Medio,Universitario,1,164.5,75.2,2701.15,10,1.97,5.0,No,Si,3.27
455,Masculino,25.0,Soltero,Alto,Universitario,0,189.5,93.5,11255.21,8,1.02,4.0,No,Si,79.35
456,Femenino,55.0,Soltero,Medio,Secundaria,2,161.1,67.2,8942.38,64,4.73,3.0,Si,Si,48.61
457,Masculino,,Soltero,Medio,Primaria,1,167.3,71.0,5637.12,26,4.15,5.0,No,Si,18.91
458,Masculino,28.0,Soltero,Bajo,Posgrado,1,163.9,61.9,,9,3.21,2.0,No,No,8.95
459,Masculino,42.0,Casado,Bajo,Secundaria,2,158.6,62.4,1987.14,19,5.08,5.0,No,Si,2.05
460,Masculino,55.0,Casado,Bajo,Secundaria,2,,74.5,2601.02,5,3.42,4.0,Si,Si,9.12
461,Masculino,30.0,Casado,Medio,Secundaria,0,168.3,75.7,6303.2,2,2.29,3.0,No,Si,30.19
462,Femenino,33.0,Soltero,Medio,Primaria,1,176.2,77.2,2200.4,7,2.95,4.0,No,Si,14.2
463,Femenino,28.0,Casado,Medio,Técnico,3,175.3,97.9,5360.0,8,4.13,4.0,No,Si,14.99
464,Femenino,23.0,Casado,Alto,Universitario,1,176.1,62.8,1790.02,0,1.44,4.0,No,Si,104.2
465,Femenino,27.0,Soltero,Alto,Técnico,2,159.7,69.2,1313.31,25,1.09,5.0,No,No,36.19
466,Masculino,20.0,Casado,Alto,Técnico,1,173.8,73.6,8856.11,7,2.99,3.0,No,Si,65.33
467,Masculino,35.0,Soltero,Bajo,Universitario,2,174.0,74.2,11177.26,13,1.8,3.0,No,Si,1.82
468,Femenino,,Soltero,Medio,Universitario,1,158.8,54.6,2967.11,1,0.0,2.0,No,Si,22.72
469,Masculino,38.0,Divorciado,Bajo,Universitario,1,165.1,76.5,1456.26,3,1.01,3.0,No,Si,32.62
470,Femenino,16.0,Soltero,Bajo,Universitario,1,154.9,64.3,839.92,33,2.13,3.0,No,Si,10.32
471,Masculino,39.0,Casado,Bajo,Primaria,3,174.0,83.0,21452.58,14,2.56,5.0,No,Si,6.4
472,Femenino,45.0,Divorciado,Bajo,Universitario,0,174.0,76.0,5372.84,45,2.59,2.0,Si,Si,102.13
473,Masculino,16.0,Casado,Medio,Técnico,1,180.9,76.5,3021.79,100,4.91,4.0,No,No,140.2
474,Femenino,39.0,Soltero,Medio,Posgrado,4,165.9,66.8,3673.39,7,2.25,4.0,No,Si,4.1
475,Femenino,50.0,Soltero,Bajo,Técnico,0,172.1,77.1,1063.51,5,2.83,5.0,No,No,21.46
476,Otro,20.0,Soltero,Medio,Posgrado,1,176.9,54.7,8070.08,29,0.55,5.0,No,No,158.85
477,Masculino,55.0,Casado,Medio,Universitario,1,161.2,71.6,24345.11,99,2.46,4.0,Si,Si,4.34
478,Femenino,40.0,Soltero,Bajo,Secundaria,1,159.8,84.2,2627.52,15,2.9,5.0,No,Si,51.59
479,Femenino,27.0,Soltero,Medio,Universitario,1,161.5,68.3,33082.7,24,0.85,4.0,Si,Si,179.17
480,Femenino,34.0,Viudo,Bajo,Posgrado,1,164.9,63.9,4477.75,23,1.38,5.0,No,Si,191.35
481,Femenino,42.0,Casado,Medio,Universitario,0,160.2,61.4,18646.29,7,3.09,4.0,No,No,31.86
482,Femenino,36.0,Soltero,Medio,Secundaria,3,161.9,70.7,6284.09,13,1.84,2.0,No,No,8.88
483,Masculino,41.0,Casado,Bajo,Universitario,0,175.9,73.0,6278.62,27,2.38,4.0,No,Si,11.29
484,Femenino,24.0,Casado,Bajo,Técnico,2,167.1,76.9,21485.65,17,3.15,4.0,No,Si,110.18
485,Femenino,37.0,Soltero,Medio,Primaria,2,170.8,69.7,9192.68,0,4.94,3.0,No,Si,121.34
486,Femenino,18.0,Soltero,Alto,Técnico,2,163.0,81.0,6633.44,6,2.23,3.0,No,Si,46.81
487,Masculino,34.0,Casado,Bajo,Secundaria,2,162.5,80.3,1039.95,2,4.62,4.0,No,No,72.66
488,Masculino,24.0,Casado,Medio,Universitario,0,170.6,67.9,1471.79,4,0.15,5.0,No,Si,67.34
489,Femenino,26.0,Casado,Medio,Técnico,1,169.1,69.2,7092.86,35,2.68,1.0,Si,Si,54.21
490,Femenino,50.0,Soltero,Alto,Universitario,2,175.0,74.8,15902.42,1,2.1,4.0,No,No,87.8
491,Masculino,48.0,Soltero,Medio,Primaria,1,179.7,79.0,5446.68,4,1.86,4.0,No,Si,57.82
492,Femenino,42.0,Soltero,Medio,Técnico,1,161.8,55.5,3062.41,6,3.29,5.0,No,Si,38.18
493,Masculino,22.0,Soltero,Medio,Secundaria,1,175.8,64.0,1128.52,14,2.24,5.0,No,Si,13.52
494,Masculino,31.0,Soltero,Alto,Secundaria,1,158.3,72.4,2625.78,11,0.07,4.0,No,Si,68.11
495,Masculino,50.0,Soltero,Medio,Secundaria,2,186.7,98.7,5457.71,4,0.59,4.0,No,No,32.07
496,Masculino,37.0,Casado,Bajo,Secundaria,0,160.9,73.1,2477.08,3,3.37,3.0,No,No,17.46
497,Femenino,63.0,Viudo,Bajo,Universitario,3,174.2,73.6,2272.06,4,0.54,4.0,No,Si,80.96
498,Masculino,40.0,Casado,Medio,Secundaria,0,158.2,77.9,,10,3.4,4.0,No,No,59.65
499,Femenino,37.0,Divorciado,Medio,Técnico,1,166.6,67.8,15657.88,5,2.65,5.0,Si,Si,138.5
500,Otro,31.0,Soltero,Bajo,Técnico,1,181.9,91.1,8499.61,44,2.3,4.0,Si,No,9.04
501,Femenino,37.0,Viudo,Medio,Universitario,0,160.6,50.7,6177.68,9,2.4,3.0,No,No,52.38
502,Femenino,33.0,Soltero,Medio,Posgrado,0,187.8,83.6,5714.65,1,3.12,4.0,No,Si,14.0
503,Masculino,43.0,Viudo,Bajo,Técnico,2,168.0,67.6,7638.38,20,1.09,3.0,No,No,116.95
504,Femenino,46.0,Viudo,Alto,Técnico,0,176.8,75.9,4500.28,6,2.55,1.0,No,Si,5.24
505,Femenino,26.0,Casado,Bajo,Secundaria,0,171.6,58.5,3537.36,16,1.13,3.0,No,Si,53.38
506,Masculino,19.0,Viudo,Bajo,Posgrado,2,172.1,79.9,8871.11,5,2.7,2.0,No,No,78.29
507,Femenino,16.0,Casado,Medio,Secundaria,0,155.2,67.7,4103.86,13,3.28,5.0,No,No,21.92
508,Femenino,41.0,Soltero,Medio,Secundaria,1,163.7,58.7,1899.07,22,2.7,3.0,No,No,154.11
509,Femenino,22.0,Soltero,Bajo,Secundaria,0,178.8,65.5,15593.98,39,3.23,3.0,No,No,95.1
510,Femenino,16.0,Casado,Medio,Técnico,1,164.9,59.3,1101.09,5,1.66,5.0,No,Si,17.45
511,Femenino,40.0,Soltero,Medio,Secundaria,0,169.2,75.1,16558.56,6,2.43,3.0,No,Si,0.38
512,Masculino,65.0,Casado,Bajo,Universitario,3,154.1,53.2,7369.94,9,2.21,1.0,No,No,17.6
513,Femenino,35.0,Viudo,Bajo,Secundaria,0,163.2,64.0,,39,2.14,3.0,No,Si,16.52
514,Femenino,45.0,Soltero,Medio,Universitario,0,178.1,65.8,5011.06,35,1.54,2.0,No,No,110.35
515,Masculino,36.0,Casado,Bajo,Secundaria,3,156.5,77.0,3487.39,1,1.98,2.0,No,Si,170.75
516,Masculino,34.0,Divorciado,Alto,Secundaria,1,174.5,75.4,9378.55,2,1.16,2.0,No,No,3.65
517,Masculino,46.0,Divorciado,Medio,Posgrado,3,169.6,82.0,9231.21,10,0.47,4.0,No,Si,31.87
518,Femenino,32.0,Viudo,Alto,Secundaria,2,165.9,72.2,7108.81,2,1.66,3.0,No,No,39.74
519,Otro,38.0,Casado,Bajo,Universitario,0,165.5,66.7,8929.42,6,3.25,3.0,No,Si,4.88
520,Masculino,39.0,Viudo,Alto,Universitario,1,163.6,64.7,4483.39,2,2.78,5.0,No,No,23.7
521,Femenino,27.0,Casado,Medio,Secundaria,1,164.4,59.4,20117.39,15,0.99,4.0,No,Si,19.07
522,Masculino,47.0,Soltero,Bajo,Posgrado,1,176.4,71.3,13080.6,45,2.01,5.0,Si,Si,38.4
523,Femenino,33.0,Casado,Bajo,Secundaria,0,164.1,56.5,3355.63,86,3.33,4.0,Si,No,54.12
524,Femenino,26.0,Casado,Bajo,Universitario,2,184.3,69.9,9402.11,7,1.96,3.0,No,No,60.78
525,Femenino,41.0,Soltero,Medio,Secundaria,1,170.7,92.7,8768.02,14,0.8,4.0,No,No,7.35
526,Masculino,24.0,Casado,Medio,Universitario,1,162.8,67.5,3992.57,29,5.21,2.0,No,Si,83.82
527,Masculino,35.0,Casado,Bajo,Primaria,0,176.8,92.6,3749.56,2,2.3,2.0,No,Si,56.74
528,Masculino,35.0,Soltero,Medio,Universitario,4,173.6,65.5,12985.73,18,1.1,4.0,No,Si,109.95
529,Masculino,48.0,Casado,Bajo,Universitario,1,153.1,47.2,4857.33,8,2.71,4.0,Si,Si,29.83
530,Femenino,,Casado,Medio,Posgrado,0,158.7,53.1,,3,2.4,4.0,No,No,112.16
531,Femenino,35.0,Casado,Medio,Posgrado,1,167.0,64.2,15076.36,8,0.65,5.0,Si,Si,100.41
532,Otro,45.0,Soltero,Medio,Universitario,2,153.7,58.2,37297.11,1,2.61,3.0,Si,Si,28.85
533,Otro,52.0,Soltero,Medio,Universitario,1,186.8,83.6,3225.04,18,3.68,4.0,No,Si,23.99
534,Femenino,42.0,Soltero,Medio,Secundaria,1,175.4,67.0,4118.65,4,2.22,4.0,No,Si,135.01
535,Femenino,35.0,Divorciado,Medio,Secundaria,2,167.9,69.9,5214.52,6,0.03,5.0,No,Si,62.79
536,Femenino,19.0,Soltero,Medio,Secundaria,1,164.9,68.3,5310.22,2,2.91,5.0,Si,Si,131.73
537,Femenino,22.0,Casado,Medio,Técnico,2,162.6,71.3,6641.44,30,3.22,5.0,No,Si,79.72
538,Masculino,31.0,Soltero,Bajo,Técnico,1,150.3,67.0,3320.46,10,1.8,3.0,No,Si,46.99
539,Masculino,28.0,Soltero,Bajo,Universitario,1,152.4,53.9,1784.77,13,1.81,4.0,No,No,6.16
540,Masculino,33.0,Casado,Bajo,Secundaria,1,185.1,98.5,19991.45,13,5.21,3.0,No,Si,17.23
541,Femenino,36.0,Casado,Medio,Universitario,0,182.2,82.1,8019.78,8,1.71,3.0,No,Si,173.43
542,Femenino,41.0,Soltero,Medio,Secundaria,2,162.8,50.8,3516.32,3,1.15,5.0,No,No,19.24
543,Masculino,34.0,Soltero,Medio,Técnico,1,176.2,95.4,6972.23,21,2.53,1.0,No,No,4.89
544,Femenino,41.0,Soltero,Bajo,Universitario,1,172.6,96.7,21297.83,2,3.19,5.0,Si,No,61.47
545,Femenino,36.0,Casado,Medio,Universitario,1,173.6,80.4,2616.47,2,3.14,2.0,No,No,66.21
546,Masculino,16.0,Casado,Medio,Universitario,4,155.2,59.8,5819.17,19,0.0,5.0,No,Si,16.81
547,Masculino,24.0,Soltero,Medio,Universitario,0,151.7,54.2,1616.64,4,1.71,3.0,No,No,17.67
548,Femenino,33.0,Soltero,Medio,Secundaria,0,178.6,73.0,4470.82,5,3.88,3.0,Si,Si,31.64
549,Femenino,20.0,Soltero,Medio,Universitario,1,150.2,64.8,8048.78,10,2.89,3.0,No,Si,1.1
550,Femenino,42.0,Divorciado,Bajo,Secundaria,2,166.7,67.9,2014.69,9,1.02,4.0,Si,No,77.87
551,Femenino,53.0,Viudo,Alto,Técnico,4,164.7,82.4,4231.19,18,3.99,3.0,No,Si,19.07
552,Femenino,50.0,Soltero,Bajo,Técnico,2,163.9,66.1,9320.22,15,3.66,4.0,No,No,96.13
553,Femenino,32.0,Casado,Alto,Primaria,0,170.8,67.3,7874.3,16,2.14,1.0,No,No,81.13
554,Femenino,53.0,Soltero,Medio,Secundaria,0,161.9,58.7,1946.71,19,3.56,2.0,No,Si,54.15
555,Femenino,37.0,Soltero,Medio,Posgrado,1,171.6,64.5,6627.74,5,4.9,2.0,No,No,19.64
556,Masculino,31.0,Casado,Bajo,Posgrado,0,169.3,75.4,7684.61,6,1.23,4.0,No,Si,36.32
557,Masculino,28.0,Divorciado,Medio,Técnico,1,186.9,69.8,5358.23,9,3.17,5.0,No,Si,29.42
558,Masculino,31.0,Viudo,Medio,Primaria,1,155.5,52.3,11748.39,6,4.88,5.0,Si,No,20.69
559,Femenino,,Casado,Bajo,Secundaria,2,168.3,82.5,3066.96,63,3.28,3.0,No,Si,94.24
560,Femenino,37.0,Soltero,Medio,Técnico,3,171.9,62.5,6836.2,25,1.59,4.0,No,No,33.03
561,Femenino,37.0,Casado,Alto,Posgrado,0,165.7,75.6,1934.96,3,2.79,4.0,No,Si,89.41
562,Masculino,35.0,Soltero,Medio,Secundaria,1,156.0,42.1,1365.81,0,4.14,3.0,No,Si,5.56
563,Masculino,40.0,Casado,Medio,Universitario,1,179.3,95.1,9180.74,1,1.28,4.0,No,No,7.6
564,Masculino,49.0,Soltero,Bajo,Secundaria,0,171.0,58.6,4996.29,4,2.46,4.0,No,Si,189.31
565,Masculino,46.0,Casado,Medio,Posgrado,1,156.6,52.6,3392.31,2,2.21,2.0,No,Si,44.31
566,Femenino,17.0,Soltero,Bajo,Técnico,2,171.9,79.4,2096.19,11,1.74,1.0,No,Si,35.64
567,Masculino,16.0,Soltero,Medio,Universitario,1,183.3,85.5,9525.06,29,2.79,3.0,Si,No,37.03
568,Masculino,46.0,Divorciado,Alto,Técnico,1,167.7,77.7,1470.84,20,2.38,4.0,No,Si,12.12
569,Femenino,19.0,Soltero,Medio,Universitario,4,168.0,56.5,10875.87,4,3.27,2.0,No,No,63.42
570,Masculino,32.0,Casado,Bajo,Secundaria,3,182.1,77.9,7050.11,8,3.87,3.0,No,Si,4.43
571,Femenino,21.0,Soltero,Medio,Secundaria,0,159.3,56.7,1531.14,11,0.97,3.0,No,No,42.59
572,Femenino,16.0,Soltero,Medio,Posgrado,1,183.5,69.4,5435.84,25,2.58,2.0,Si,No,42.29
573,Masculino,41.0,Soltero,Medio,Posgrado,1,176.8,83.1,41067.81,27,2.44,3.0,No,Si,122.78
574,Femenino,44.0,Soltero,Medio,Universitario,1,159.7,70.9,12727.68,36,2.74,5.0,No,Si,37.35
575,Femenino,28.0,Divorciado,Medio,Universitario,0,162.0,61.2,2534.06,11,2.48,1.0,No,No,7.37
576,Femenino,16.0,Soltero,Medio,Universitario,2,163.3,79.5,8719.91,18,1.32,4.0,No,No,42.52
577,Masculino,28.0,Viudo,Medio,Secundaria,1,151.5,49.9,1583.3,2,4.25,,No,Si,4.79
578,Femenino,40.0,Casado,Bajo,Técnico,1,170.3,86.3,1640.82,12,4.76,4.0,Si,No,11.39
579,Femenino,17.0,Soltero,Bajo,Técnico,1,160.1,67.8,4657.13,4,3.16,4.0,No,No,1.58
580,Masculino,37.0,Casado,Medio,Universitario,1,170.7,58.9,7641.29,8,3.22,,No,No,36.0
581,Masculino,35.0,Casado,Medio,Técnico,1,156.4,76.9,9405.63,15,2.66,5.0,No,No,4.42
582,Otro,42.0,Casado,Medio,Secundaria,0,176.3,71.3,9510.45,4,3.66,4.0,Si,Si,31.69
583,Femenino,36.0,Soltero,Medio,Universitario,1,174.6,87.5,7301.24,1,0.0,5.0,No,No,135.11
584,Masculino,23.0,Soltero,Bajo,Universitario,0,161.6,65.3,1351.28,0,2.5,4.0,No,Si,63.61
585,Femenino,49.0,Divorciado,Medio,Técnico,1,171.2,75.6,4680.94,0,1.81,5.0,No,Si,4.03
586,Masculino,33.0,Divorciado,Bajo,Secundaria,0,168.7,78.7,10667.38,0,2.67,4.0,Si,Si,12.69
587,Masculino,35.0,Divorciado,Bajo,Secundaria,4,181.3,90.3,7006.77,2,3.81,5.0,Si,Si,55.99
588,Masculino,24.0,Soltero,Medio,Secundaria,0,158.7,58.7,5685.56,4,2.52,4.0,Si,Si,112.55
589,Masculino,30.0,Casado,Bajo,Secundaria,3,166.6,73.2,6395.7,4,2.07,4.0,No,Si,1.67
590,Masculino,24.0,Casado,Medio,Universitario,0,162.2,68.7,6310.79,65,0.82,4.0,Si,Si,83.69
591,Masculino,33.0,Casado,Bajo,Universitario,3,168.4,71.6,1020.53,5,2.37,5.0,No,No,41.26
592,Femenino,56.0,Soltero,Alto,Universitario,0,172.8,71.0,12380.93,2,3.31,5.0,Si,Si,39.49
593,Masculino,19.0,Casado,Medio,Técnico,0,162.1,66.3,4498.83,12,1.49,3.0,No,Si,158.28
594,Masculino,16.0,Soltero,Bajo,Universitario,1,164.7,85.1,8656.53,29,0.1,4.0,Si,Si,68.85
595,Femenino,53.0,Soltero,Medio,Secundaria,0,176.7,73.3,777.03,17,5.23,3.0,No,Si,94.9
596,Masculino,32.0,Divorciado,Medio,Técnico,1,180.2,93.3,18560.55,5,2.9,4.0,No,Si,21.85
597,Femenino,27.0,Soltero,Alto,Universitario,1,172.4,66.4,1948.61,12,2.23,3.0,No,Si,40.41
598,Masculino,47.0,Soltero,Bajo,Secundaria,4,166.8,59.6,37536.64,19,4.17,3.0,No,No,47.78
599,Masculino,28.0,Soltero,Alto,Secundaria,0,165.9,99.0,26779.51,20,2.67,5.0,Si,No,19.4
600,Masculino,57.0,Divorciado,Alto,Universitario,0,172.9,78.9,1702.86,16,4.1,2.0,No,No,42.23
601,Masculino,43.0,Casado,Alto,Técnico,2,170.0,76.5,9448.67,31,4.0,,No,Si,13.5
602,Masculino,29.0,Soltero,Medio,Universitario,1,153.2,62.4,2178.15,31,0.97,4.0,Si,Si,7.74
603,Masculino,61.0,Casado,Medio,Primaria,2,173.2,88.3,2946.8,13,3.05,2.0,No,Si,23.42
604,Masculino,28.0,Casado,Medio,Universitario,1,160.3,66.6,3000.5,8,4.57,3.0,Si,No,67.22
605,Masculino,44.0,Soltero,Medio,Técnico,1,155.2,65.9,7032.83,15,1.3,4.0,No,Si,123.96
606,Masculino,39.0,Casado,Medio,Secundaria,0,153.0,48.7,6372.26,26,1.32,3.0,No,Si,30.6
607,Masculino,51.0,Casado,Medio,Universitario,1,166.1,77.1,1879.44,0,1.52,5.0,No,Si,51.48
608,Masculino,54.0,Casado,Medio,Secundaria,1,158.9,59.8,6988.08,72,3.57,5.0,No,Si,5.44
609,Femenino,35.0,Soltero,Medio,Técnico,0,147.1,58.1,4174.34,3,2.84,3.0,Si,No,117.41
610,Femenino,26.0,Divorciado,Medio,Secundaria,2,164.8,50.2,1145.46,10,0.18,3.0,No,No,42.04
611,Masculino,41.0,Casado,Bajo,Secundaria,0,163.6,71.5,3473.0,31,2.91,4.0,Si,No,75.78
612,Femenino,27.0,Soltero,Medio,Secundaria,2,166.7,46.3,18552.16,4,2.2,4.0,No,Si,79.1
613,Femenino,59.0,Soltero,Medio,Secundaria,0,162.3,62.0,3568.05,10,2.37,3.0,No,No,14.82
614,Masculino,37.0,Soltero,Medio,Posgrado,0,184.5,63.1,1131.81,2,1.5,1.0,No,No,37.66
615,Femenino,31.0,Soltero,Medio,Primaria,1,172.7,79.7,9429.26,8,2.92,4.0,No,No,161.55
616,Femenino,37.0,Casado,Medio,Técnico,1,163.5,66.1,2340.2,3,3.76,5.0,No,Si,4.7
617,Masculino,19.0,Soltero,Alto,Secundaria,1,,61.1,5834.5,7,1.73,3.0,No,Si,57.45
618,Masculino,,Soltero,Bajo,Técnico,1,180.7,96.4,4283.01,7,0.48,4.0,No,No,163.86
619,Femenino,49.0,Casado,Medio,Posgrado,0,176.6,66.6,20117.32,75,2.14,5.0,No,Si,17.87
620,Femenino,27.0,Soltero,Medio,Secundaria,0,155.4,33.5,4285.42,79,3.41,4.0,No,No,98.83
621,Masculino,22.0,Viudo,Medio,Posgrado,1,159.2,66.7,1967.13,2,1.99,4.0,No,No,135.65
622,Masculino,41.0,Soltero,Bajo,Secundaria,2,161.0,47.5,3377.6,19,0.7,4.0,No,Si,68.74
623,Masculino,49.0,Soltero,Medio,Universitario,1,164.0,57.8,1839.0,1,3.42,5.0,No,Si,13.15
624,Femenino,44.0,Soltero,Bajo,Universitario,3,162.6,60.0,4157.16,0,4.2,4.0,No,Si,20.32
625,Femenino,47.0,Soltero,Bajo,Universitario,1,168.3,55.3,20248.43,2,2.52,5.0,Si,No,1.82
626,Masculino,26.0,Soltero,Bajo,Universitario,1,174.6,69.4,13343.36,50,0.57,4.0,No,No,89.03
627,Masculino,18.0,Casado,Bajo,Universitario,0,176.1,60.7,25158.53,42,2.12,4.0,Si,Si,94.73
628,Femenino,53.0,Viudo,Alto,Secundaria,2,165.1,68.3,7211.27,3,2.68,3.0,No,Si,50.08
629,Masculino,31.0,Soltero,Alto,Secundaria,1,153.3,47.5,5510.88,3,1.53,3.0,No,Si,21.73
630,Masculino,32.0,Casado,Medio,Posgrado,1,,61.9,2211.37,4,3.2,4.0,No,No,4.0
631,Femenino,51.0,Casado,Medio,Técnico,0,163.3,76.2,6098.11,11,1.41,3.0,No,Si,69.93
632,Femenino,42.0,Casado,Bajo,Técnico,0,156.8,67.0,4428.03,13,2.53,4.0,Si,Si,64.83
633,Femenino,40.0,Soltero,Medio,Universitario,2,178.3,77.0,9162.75,4,2.23,3.0,No,No,121.86
634,Femenino,61.0,Soltero,Medio,Técnico,1,157.4,52.1,2002.59,21,3.24,5.0,No,Si,65.57
635,Masculino,27.0,Soltero,Alto,Posgrado,2,173.6,75.5,5126.33,6,2.48,2.0,No,Si,88.22
636,Masculino,46.0,Casado,Medio,Universitario,0,152.9,51.6,1395.77,38,2.26,5.0,No,Si,68.51
637,Femenino,36.0,Casado,Medio,Universitario,2,173.9,76.2,6438.75,16,1.54,4.0,No,Si,49.81
638,Masculino,38.0,Soltero,Bajo,Universitario,2,166.7,51.4,8438.85,9,2.54,3.0,No,Si,27.84
639,Masculino,53.0,Soltero,Alto,Primaria,0,181.6,90.1,1343.18,23,2.19,4.0,Si,No,116.2
640,Masculino,41.0,Divorciado,Bajo,Secundaria,0,157.8,61.3,1682.77,26,1.46,3.0,No,No,52.63
641,Masculino,41.0,Casado,Medio,Técnico,1,162.9,85.5,1742.74,5,2.69,3.0,No,No,25.4
642,Masculino,48.0,Viudo,Medio,Secundaria,1,164.7,78.9,4263.73,6,2.94,3.0,No,No,4.36
643,Masculino,31.0,Casado,Medio,Universitario,1,166.6,73.5,1606.82,41,2.09,2.0,No,Si,17.17
644,Masculino,25.0,Soltero,Bajo,Posgrado,1,164.9,65.4,14806.07,3,3.62,5.0,Si,Si,39.23
645,Masculino,22.0,Casado,Alto,Técnico,2,165.1,59.8,6966.88,1,2.82,1.0,No,Si,16.12
646,Femenino,16.0,Casado,Bajo,Técnico,2,164.9,75.6,7936.53,9,0.96,4.0,No,No,12.5
647,Femenino,60.0,Soltero,Medio,Posgrado,1,149.4,52.9,1378.51,24,4.1,3.0,Si,No,37.47
648,Femenino,22.0,Casado,Bajo,Técnico,0,176.9,89.5,13829.27,22,3.42,4.0,No,Si,9.31
649,Femenino,32.0,Casado,Bajo,Técnico,2,193.8,97.3,8264.19,38,3.7,3.0,No,Si,80.57
650,Femenino,32.0,Soltero,Medio,Técnico,1,170.7,75.6,2847.29,11,2.98,4.0,No,Si,33.12
651,Masculino,39.0,Casado,Medio,Posgrado,1,157.8,66.2,1431.65,2,0.0,4.0,No,Si,42.65
652,Femenino,45.0,Casado,Bajo,Universitario,2,158.7,53.6,4624.38,13,3.81,4.0,No,No,7.97
653,Femenino,45.0,Viudo,Bajo,Universitario,2,173.5,63.0,3384.14,23,2.57,2.0,No,Si,19.62
654,Femenino,28.0,Soltero,Medio,Universitario,2,171.5,61.2,3498.39,1,2.92,4.0,No,No,26.39
655,Masculino,33.0,Soltero,Medio,Técnico,2,165.4,77.1,2795.19,3,3.15,3.0,No,Si,82.57
656,Masculino,38.0,Casado,Alto,Técnico,1,174.8,64.7,8752.97,0,4.82,1.0,No,No,73.52
657,Masculino,32.0,Soltero,Bajo,Universitario,0,149.4,48.3,613.72,14,1.84,4.0,No,No,12.61
658,Masculino,54.0,Casado,Medio,Técnico,0,174.8,80.6,15428.04,33,1.88,4.0,No,No,47.88
659,Femenino,41.0,Casado,Bajo,Universitario,1,170.1,68.3,10921.55,17,1.48,4.0,Si,Si,13.95
660,Femenino,44.0,Soltero,Bajo,Posgrado,0,159.0,58.6,5817.05,60,1.22,4.0,No,Si,222.18
661,Masculino,43.0,Casado,Medio,Universitario,0,155.1,55.0,4379.68,1,1.24,3.0,Si,Si,151.96
662,Otro,49.0,Casado,Medio,Universitario,0,169.1,46.8,11689.43,35,0.28,3.0,Si,Si,41.42
663,Femenino,37.0,Soltero,Bajo,Universitario,1,180.7,68.9,4751.39,25,3.01,2.0,No,No,60.02
664,Masculino,19.0,Divorciado,Bajo,Universitario,1,165.9,78.8,3933.39,6,4.89,4.0,No,No,80.83
665,Masculino,40.0,Casado,Bajo,Técnico,2,160.3,58.1,12221.77,54,4.96,4.0,No,Si,63.83
666,Masculino,27.0,Casado,Medio,Secundaria,1,169.7,51.4,26231.51,5,1.48,3.0,No,Si,60.17
667,Masculino,29.0,Casado,Alto,Técnico,0,184.4,71.3,2260.17,33,2.17,4.0,No,Si,159.17
668,Masculino,42.0,Casado,Bajo,Universitario,1,171.9,76.1,6903.88,32,3.98,4.0,No,No,45.37
669,Masculino,50.0,Divorciado,Bajo,Técnico,0,172.9,76.8,2060.88,21,3.02,4.0,No,No,50.57
670,Masculino,35.0,Casado,Alto,Universitario,0,179.0,75.2,7341.6,12,2.66,4.0,No,Si,94.61
671,Masculino,39.0,Casado,Alto,Técnico,0,172.3,65.6,2637.15,2,2.19,4.0,No,Si,55.42
672,Femenino,55.0,Divorciado,Medio,Universitario,2,161.0,50.8,12955.02,11,3.91,4.0,No,No,66.01
673,Masculino,38.0,Soltero,Bajo,Secundaria,1,152.3,59.8,4536.47,7,1.21,3.0,No,No,13.34
674,Femenino,66.0,Casado,Bajo,Universitario,1,159.7,70.0,5100.95,24,3.08,2.0,No,Si,23.2
675,Masculino,42.0,Soltero,Medio,Universitario,1,158.1,72.5,18122.18,21,2.91,3.0,Si,No,7.97
676,Otro,16.0,Soltero,Medio,Secundaria,1,173.9,62.3,2734.21,36,2.55,4.0,No,No,35.24
677,Masculino,44.0,Soltero,Bajo,Secundaria,1,175.2,89.9,8500.44,0,3.45,5.0,No,Si,30.42
678,Masculino,40.0,Viudo,Medio,Universitario,1,169.6,69.9,2960.87,25,2.54,4.0,No,Si,293.25
679,Femenino,50.0,Divorciado,Bajo,Técnico,1,156.6,60.3,12797.92,42,1.86,3.0,No,Si,47.24
680,Femenino,43.0,Casado,Medio,Secundaria,2,184.1,93.6,20525.11,23,2.61,4.0,No,Si,77.19
681,Femenino,33.0,Casado,Bajo,Posgrado,2,164.3,61.0,3982.54,2,0.59,5.0,No,Si,20.32
682,Masculino,20.0,Casado,Bajo,Universitario,1,173.4,50.9,849.57,1,3.24,5.0,No,Si,89.05
683,Masculino,32.0,Divorciado,Medio,Posgrado,2,168.4,76.5,2834.13,0,3.54,4.0,No,Si,47.74
684,Femenino,25.0,Casado,Medio,Técnico,0,169.9,74.2,34410.23,15,1.71,,Si,Si,59.7
685,Femenino,28.0,Soltero,Alto,Técnico,3,173.1,69.6,3060.42,15,1.43,1.0,No,Si,17.44
686,Femenino,42.0,Soltero,Medio,Universitario,2,161.7,69.8,20268.37,65,1.76,2.0,No,Si,39.77
687,Femenino,55.0,Casado,Bajo,Universitario,0,179.7,88.5,3025.92,8,2.42,2.0,No,No,50.26
688,Masculino,40.0,Casado,Medio,Universitario,3,153.8,45.4,2966.69,6,2.76,4.0,No,No,44.47
689,Femenino,21.0,Soltero,Bajo,Secundaria,0,158.7,61.9,9166.86,15,4.44,2.0,No,Si,123.37
690,Masculino,40.0,Soltero,Alto,Técnico,1,179.6,53.3,8328.78,26,4.29,4.0,No,Si,114.27
691,Masculino,49.0,Casado,Medio,Secundaria,0,173.3,72.3,9718.04,41,3.5,4.0,Si,No,177.0
692,Masculino,,Soltero,Medio,Secundaria,1,190.9,84.5,4934.11,24,2.65,3.0,Si,Si,55.04
693,Femenino,33.0,Casado,Bajo,Primaria,2,168.6,74.5,11242.85,8,1.39,5.0,No,No,178.62
694,Masculino,35.0,Viudo,Medio,Primaria,0,183.3,69.7,10606.26,15,4.52,3.0,No,Si,89.33
695,Masculino,26.0,Soltero,Medio,Posgrado,1,151.3,52.7,12323.0,29,2.2,3.0,No,No,15.79
696,Femenino,43.0,Soltero,Medio,Secundaria,3,155.3,31.9,2984.4,10,2.84,4.0,No,Si,27.88
697,Masculino,34.0,Casado,Bajo,Universitario,1,176.1,82.0,11236.28,4,3.25,1.0,Si,No,13.62
698,Femenino,40.0,Casado,Bajo,Universitario,0,152.3,56.1,3238.71,3,2.57,4.0,No,No,0.21
699,Masculino,24.0,Casado,Medio,Universitario,2,166.2,68.5,4334.32,0,3.88,5.0,No,No,10.42
700,Femenino,30.0,Viudo,Alto,Secundaria,0,178.5,61.4,4263.72,19,3.05,5.0,No,No,0.2
701,Femenino,44.0,Soltero,Bajo,Universitario,1,172.5,77.0,2211.7,2,3.69,5.0,No,Si,63.62
702,Masculino,31.0,Casado,Medio,Universitario,0,168.1,85.6,1226.09,4,3.04,3.0,No,Si,27.72
703,Masculino,56.0,Casado,Bajo,Universitario,2,164.0,64.2,13081.83,5,2.45,4.0,No,Si,18.74
704,Masculino,30.0,Divorciado,Alto,Universitario,2,169.8,77.2,2802.31,12,2.59,2.0,No,Si,71.72
705,Masculino,38.0,Soltero,Bajo,Posgrado,2,173.2,64.4,3960.83,8,2.43,3.0,Si,Si,89.33
706,Otro,46.0,Casado,Bajo,Universitario,1,162.1,63.7,2739.21,17,0.96,2.0,Si,No,185.05
707,Masculino,18.0,Casado,Medio,Técnico,0,171.3,56.2,4002.51,1,1.3,3.0,No,No,51.36
708,Femenino,16.0,Soltero,Bajo,Universitario,0,177.7,86.1,3278.95,2,3.39,5.0,No,Si,30.95
709,Masculino,17.0,Soltero,Medio,Secundaria,2,166.0,69.1,13674.21,10,0.99,3.0,No,Si,18.21
710,Femenino,50.0,Divorciado,Medio,Universitario,1,168.6,57.5,3064.37,6,2.01,4.0,Si,Si,12.57
711,Femenino,28.0,Soltero,Bajo,Secundaria,0,172.4,64.5,19373.15,5,1.24,4.0,No,No,11.97
712,Femenino,66.0,Soltero,Medio,Técnico,0,173.0,74.0,12227.19,1,1.95,4.0,No,Si,26.31
713,Masculino,28.0,Soltero,Medio,Universitario,0,175.9,85.8,3362.51,34,2.31,,No,No,240.1
714,Masculino,37.0,Divorciado,Bajo,Universitario,0,158.9,74.9,,18,2.01,3.0,No,No,0.04
715,Masculino,54.0,Casado,Medio,Técnico,3,163.2,64.0,7446.33,2,0.79,4.0,No,No,10.98
716,Femenino,59.0,Casado,Medio,Técnico,1,163.6,52.8,9636.24,1,2.28,4.0,No,Si,10.44
717,Femenino,60.0,Soltero,Medio,Universitario,0,159.9,64.8,10429.29,55,1.35,2.0,Si,Si,63.14
718,Femenino,50.0,Casado,Bajo,Técnico,2,151.8,70.9,5706.19,17,1.74,4.0,No,No,21.73
719,Masculino,47.0,Casado,Bajo,Universitario,1,138.7,36.2,2290.35,8,3.39,5.0,No,No,30.56
720,Femenino,42.0,Casado,Bajo,Secundaria,2,178.8,67.6,8206.74,18,3.65,2.0,No,No,8.05
721,Femenino,44.0,Divorciado,Medio,Universitario,0,154.0,63.2,4067.54,21,0.93,2.0,No,Si,25.96
722,Masculino,28.0,Soltero,Medio,Universitario,1,182.1,83.0,527.76,23,4.38,3.0,No,No,5.45
723,Masculino,25.0,Casado,Medio,Secundaria,1,174.7,69.0,6715.83,10,1.89,4.0,No,Si,38.08
724,Femenino,35.0,Soltero,Bajo,Técnico,5,164.3,68.2,2731.79,8,1.78,4.0,No,No,5.15
725,Femenino,33.0,Casado,Bajo,Secundaria,1,173.5,84.0,3405.99,0,1.43,4.0,No,No,78.15
726,Femenino,30.0,Soltero,Medio,Universitario,1,171.8,71.3,4938.5,39,2.57,4.0,No,No,41.8
727,Masculino,43.0,Soltero,Medio,Universitario,1,158.1,59.6,1418.11,14,4.88,5.0,No,No,64.36
728,Femenino,46.0,Soltero,Bajo,Universitario,1,167.9,74.9,5493.02,3,0.65,4.0,No,Si,27.11
729,Masculino,36.0,Casado,Medio,Secundaria,0,159.2,59.7,3814.76,38,0.03,5.0,No,No,24.02
730,Masculino,53.0,Soltero,Bajo,Secundaria,1,173.9,86.2,2436.27,37,2.82,,No,No,5.17
731,Masculino,21.0,Casado,Alto,Primaria,0,161.6,82.5,5099.99,68,3.18,4.0,No,Si,37.1
732,Femenino,33.0,Soltero,Alto,Técnico,0,167.1,59.7,1271.36,31,2.56,4.0,No,No,36.13
733,Femenino,26.0,Soltero,Bajo,Universitario,1,166.7,55.9,5221.3,92,3.21,5.0,No,Si,31.57
734,Femenino,,Casado,Bajo,Universitario,2,,73.8,7161.53,4,1.14,5.0,Si,No,67.45
735,Masculino,34.0,Soltero,Medio,Universitario,1,183.0,67.0,6274.19,28,1.37,1.0,Si,Si,89.34
736,Femenino,34.0,Soltero,Bajo,Técnico,1,165.8,54.8,9238.25,26,2.65,2.0,No,No,69.47
737,Masculino,53.0,Casado,Medio,Posgrado,0,179.0,55.5,12484.98,4,4.61,5.0,No,Si,7.77
738,Femenino,43.0,Soltero,Medio,Universitario,2,172.3,68.8,4605.11,2,3.17,3.0,No,Si,48.65
739,Masculino,23.0,Soltero,Medio,Posgrado,0,180.8,79.7,11805.96,58,3.23,5.0,Si,Si,4.19
740,Masculino,57.0,Soltero,Medio,Universitario,3,165.0,61.8,4591.36,5,1.21,3.0,No,Si,59.31
741,Masculino,50.0,Divorciado,Medio,Secundaria,3,174.3,89.2,2808.57,31,3.01,2.0,No,No,24.05
742,Masculino,42.0,Casado,Bajo,Secundaria,1,167.5,81.7,3589.61,0,1.08,2.0,No,Si,7.11
743,Femenino,32.0,Casado,Medio,Universitario,0,141.1,62.2,6085.0,0,4.62,3.0,Si,No,99.04
744,Femenino,23.0,Casado,Medio,Secundaria,1,158.2,61.7,,9,1.29,,No,No,47.6
745,Masculino,31.0,Soltero,Medio,Técnico,1,,85.9,4920.52,4,1.54,4.0,No,No,21.9
746,Femenino,48.0,Soltero,Bajo,Universitario,3,172.6,76.2,2867.15,18,0.73,4.0,No,No,1.56
747,Masculino,58.0,Casado,Bajo,Universitario,1,156.3,61.6,15605.96,13,2.6,5.0,No,Si,38.53
748,Femenino,54.0,Soltero,Alto,Universitario,0,170.0,66.1,1559.54,1,2.55,4.0,No,Si,128.34
749,Femenino,29.0,Soltero,Bajo,Secundaria,2,172.5,49.3,2881.99,3,4.32,4.0,No,Si,45.36
750,Femenino,22.0,Soltero,Alto,Técnico,0,167.7,75.2,10038.95,7,3.43,4.0,Si,Si,178.16
751,Masculino,37.0,Soltero,Alto,Universitario,0,174.6,87.0,20194.5,3,1.55,4.0,Si,No,7.34
752,Femenino,16.0,Viudo,Medio,Posgrado,1,173.3,57.5,7219.53,24,3.55,4.0,Si,Si,42.0
753,Femenino,39.0,Soltero,Medio,Universitario,1,167.7,68.8,6002.37,8,1.01,1.0,No,No,80.01
754,Masculino,33.0,Casado,Medio,Posgrado,1,163.4,74.7,3894.45,1,1.64,1.0,No,Si,37.28
755,Masculino,29.0,Soltero,Alto,Universitario,0,177.4,73.1,7619.43,10,2.64,2.0,No,No,4.77
756,Femenino,16.0,Viudo,Bajo,Universitario,3,172.2,85.0,5450.67,1,1.14,2.0,No,Si,43.72
757,Femenino,41.0,Soltero,Medio,Secundaria,0,,58.1,2687.52,2,3.78,4.0,No,Si,47.3
758,Femenino,29.0,Soltero,Medio,Universitario,1,170.0,65.5,3838.38,4,5.24,3.0,No,No,65.23
759,Femenino,21.0,Casado,Medio,Universitario,2,157.6,71.7,2455.4,29,2.15,5.0,No,Si,71.61
760,Femenino,16.0,Casado,Medio,Universitario,2,159.3,53.9,4968.6,39,1.72,5.0,Si,No,73.65
761,Masculino,35.0,Soltero,Bajo,Técnico,1,162.1,57.7,5594.12,26,2.34,5.0,No,Si,54.45
762,Masculino,56.0,Soltero,Medio,Universitario,1,168.4,60.6,18169.63,6,1.83,5.0,No,Si,12.16
763,Masculino,55.0,Soltero,Alto,Técnico,2,171.4,60.2,3047.52,5,2.81,,No,No,25.9
764,Femenino,30.0,Soltero,Bajo,Universitario,0,164.3,67.6,4252.99,12,0.91,4.0,No,Si,74.83
765,Masculino,28.0,Soltero,Alto,Secundaria,1,164.7,61.6,13458.22,19,2.88,3.0,Si,No,153.34
766,Femenino,,Casado,Medio,Universitario,2,163.5,70.1,20828.37,75,4.79,5.0,No,Si,4.11
767,Femenino,23.0,Soltero,Medio,Secundaria,0,177.4,58.0,7185.13,2,0.1,5.0,No,No,38.34
768,Femenino,39.0,Soltero,Medio,Secundaria,1,142.3,41.7,4012.42,1,1.1,5.0,No,Si,18.74
769,Masculino,44.0,Casado,Medio,Técnico,1,165.2,67.4,3366.36,18,1.97,4.0,No,Si,12.77
770,Femenino,50.0,Viudo,Bajo,Universitario,0,181.9,98.1,1125.01,27,3.15,4.0,No,Si,35.24
771,Masculino,34.0,Casado,Medio,Técnico,3,172.7,77.0,2339.72,28,3.57,2.0,No,Si,46.58
772,Femenino,33.0,Soltero,Bajo,Secundaria,1,179.4,72.2,5330.76,17,3.47,1.0,No,Si,0.49
773,Masculino,24.0,Soltero,Alto,Universitario,1,149.7,43.2,4252.28,46,0.47,4.0,No,No,75.75
774,Masculino,25.0,Viudo,Alto,Técnico,2,156.8,54.7,8092.77,11,1.69,4.0,No,No,85.71
775,Femenino,32.0,Soltero,Bajo,Posgrado,3,172.6,72.5,4204.19,37,1.42,5.0,No,Si,168.36
776,Masculino,39.0,Soltero,Bajo,Posgrado,0,182.0,53.8,2749.44,52,2.42,2.0,Si,Si,9.96
777,Masculino,46.0,Casado,Medio,Universitario,1,157.7,50.4,6458.0,28,2.52,5.0,No,Si,45.14
778,Femenino,25.0,Casado,Bajo,Técnico,0,164.5,59.3,36468.79,6,0.86,4.0,Si,Si,27.81
779,Femenino,53.0,Casado,Alto,Universitario,0,171.6,69.5,3812.81,3,1.97,5.0,No,Si,20.39
780,Femenino,32.0,Soltero,Bajo,Primaria,1,154.9,58.3,5492.34,12,3.2,5.0,No,Si,41.69
781,Femenino,35.0,Soltero,Bajo,Técnico,0,172.7,66.7,9677.32,9,1.75,5.0,No,No,76.25
782,Femenino,26.0,Viudo,Alto,Técnico,0,143.9,54.4,3111.02,32,2.26,3.0,No,No,1.17
783,Masculino,16.0,Soltero,Medio,Posgrado,2,172.4,74.1,13605.18,2,4.54,5.0,Si,Si,174.34
784,Masculino,46.0,Casado,Medio,Primaria,2,159.0,58.7,1389.6,4,4.89,3.0,No,Si,83.01
785,Masculino,44.0,Casado,Bajo,Universitario,0,164.0,72.0,3546.86,21,0.0,2.0,No,No,69.55
786,Femenino,32.0,Casado,Medio,Universitario,0,173.9,80.0,3831.54,1,2.64,4.0,No,Si,71.44
787,Femenino,36.0,Soltero,Medio,Técnico,0,172.0,57.4,5546.52,6,6.0,5.0,No,No,24.64
788,Masculino,41.0,Soltero,Medio,Secundaria,2,167.9,68.8,1015.17,7,3.07,4.0,No,No,69.64
789,Masculino,16.0,Casado,Medio,Posgrado,2,176.7,86.2,14504.18,15,2.52,5.0,No,Si,24.45
790,Femenino,29.0,Divorciado,Medio,Universitario,0,152.7,65.8,6845.69,3,4.08,4.0,No,Si,114.49
791,Masculino,45.0,Divorciado,Medio,Universitario,2,169.8,74.4,12067.43,30,2.76,3.0,No,No,9.75
792,Femenino,20.0,Soltero,Bajo,Secundaria,1,160.9,61.3,17861.96,9,3.35,5.0,Si,No,17.29
793,Femenino,39.0,Soltero,Medio,Técnico,2,176.3,80.7,2717.72,37,2.25,2.0,No,Si,40.07
794,Femenino,19.0,Divorciado,Bajo,Técnico,0,174.2,82.9,668.15,9,2.74,5.0,No,No,19.23
795,Masculino,41.0,Casado,Medio,Secundaria,1,174.5,75.8,12296.78,5,3.01,3.0,Si,Si,27.6
796,Femenino,35.0,Divorciado,Bajo,Secundaria,2,182.8,84.5,3908.44,2,3.54,4.0,Si,Si,33.91
797,Femenino,16.0,Soltero,Medio,Universitario,2,178.1,74.9,1985.18,0,1.98,4.0,No,No,97.02
798,Femenino,49.0,Casado,Medio,Secundaria,3,166.6,55.0,7793.46,11,1.95,3.0,No,No,37.03
799,Femenino,26.0,Casado,Bajo,Secundaria,2,168.0,67.4,35272.03,2,0.19,3.0,No,No,22.51
800,Femenino,25.0,Casado,Bajo,Universitario,0,173.4,66.5,4504.69,7,2.04,3.0,No,No,14.23
801,Femenino,37.0,Soltero,Bajo,Universitario,1,169.2,63.4,84148.16,13,3.64,3.0,No,Si,26.27
802,Masculino,49.0,Soltero,Medio,Secundaria,2,174.3,89.7,2230.54,5,3.06,,No,Si,36.26
803,Femenino,23.0,Casado,Medio,Universitario,0,147.9,60.9,1274.86,3,1.3,4.0,No,Si,68.54
804,Femenino,36.0,Soltero,Bajo,Secundaria,1,184.9,63.5,10210.3,22,0.22,4.0,No,Si,6.45
805,Masculino,40.0,Casado,Medio,Primaria,2,168.5,58.8,7607.26,44,2.33,,No,No,12.53
806,Femenino,43.0,Viudo,Bajo,Secundaria,2,153.4,54.7,3386.11,2,3.61,5.0,No,Si,23.87
807,Femenino,37.0,Soltero,Medio,Universitario,2,159.8,56.8,19244.4,3,1.93,4.0,No,No,22.35
808,Femenino,31.0,Casado,Alto,Secundaria,0,148.8,56.7,1198.0,48,0.77,4.0,No,No,24.86
809,Masculino,25.0,Soltero,Bajo,Primaria,1,158.2,50.4,1837.16,1,1.79,4.0,No,Si,78.88
810,Masculino,36.0,Casado,Medio,Técnico,1,166.7,77.4,3183.4,57,2.89,4.0,No,Si,19.59
811,Otro,22.0,Viudo,Bajo,Universitario,0,181.6,80.3,3695.54,0,3.99,4.0,No,No,34.85
812,Femenino,16.0,Soltero,Bajo,Secundaria,1,171.7,68.7,15871.55,31,2.19,2.0,No,No,48.9
813,Masculino,40.0,Soltero,Bajo,Técnico,1,170.1,70.7,5112.06,6,3.77,5.0,No,No,13.21
814,Femenino,46.0,Soltero,Bajo,Primaria,1,157.8,57.4,4211.76,42,3.63,4.0,No,Si,63.42
815,Femenino,16.0,Soltero,Medio,Técnico,2,160.6,44.9,1779.33,6,1.09,3.0,No,Si,39.61
816,Femenino,23.0,Casado,Medio,Universitario,0,161.3,63.9,11722.99,16,4.0,4.0,No,Si,29.6
817,Femenino,42.0,Divorciado,Medio,Universitario,4,161.6,61.0,1979.67,1,2.85,1.0,No,Si,82.98
818,Masculino,60.0,Soltero,Bajo,Técnico,1,164.8,57.5,1772.79,4,1.05,3.0,No,No,13.95
819,Masculino,35.0,Soltero,Bajo,Técnico,0,165.5,77.6,3568.12,22,4.61,2.0,No,No,107.35
820,Masculino,26.0,Soltero,Medio,Secundaria,0,164.9,73.0,5600.19,11,2.35,4.0,No,Si,41.17
821,Femenino,,Casado,Alto,Técnico,1,162.0,86.7,2762.49,39,0.17,4.0,No,Si,46.97
822,Masculino,51.0,Soltero,Bajo,Secundaria,0,169.2,78.5,8652.59,8,1.65,5.0,No,Si,104.0
823,Masculino,27.0,Casado,Alto,Universitario,0,165.2,60.7,3919.11,31,1.36,1.0,No,No,85.07
824,Masculino,25.0,Casado,Medio,Posgrado,3,153.6,50.3,11409.65,9,1.68,4.0,No,Si,46.01
825,Femenino,29.0,Casado,Medio,Posgrado,1,168.3,64.5,7362.01,58,1.97,4.0,No,No,69.96
826,Femenino,24.0,Soltero,Medio,Universitario,0,166.9,61.7,20602.82,48,2.19,3.0,No,Si,28.4
827,Masculino,36.0,Casado,Bajo,Universitario,0,153.8,58.9,3450.3,6,2.15,4.0,No,No,39.63
828,Masculino,54.0,Soltero,Bajo,Universitario,2,162.7,50.6,9654.48,33,2.38,2.0,No,Si,3.2
829,Femenino,39.0,Soltero,Medio,Secundaria,1,173.4,80.5,1176.8,28,3.2,3.0,No,Si,4.71
830,Masculino,32.0,Divorciado,Bajo,Universitario,0,157.8,61.8,49678.47,4,1.6,,No,No,88.43
831,Masculino,31.0,Casado,Alto,Técnico,0,156.8,64.8,9275.74,15,3.92,4.0,Si,Si,3.08
832,Masculino,16.0,Soltero,Medio,Técnico,0,165.1,55.9,3877.53,1,1.03,2.0,No,Si,9.28
833,Masculino,46.0,Soltero,Bajo,Universitario,0,173.6,76.4,3994.6,27,3.24,3.0,No,Si,79.44
834,Masculino,34.0,Soltero,Medio,Secundaria,1,184.3,98.7,4033.47,3,4.47,3.0,No,Si,0.06
835,Femenino,33.0,Soltero,Bajo,Técnico,0,173.9,65.0,21418.91,1,2.29,3.0,Si,Si,16.59
836,Masculino,73.0,Soltero,Medio,Posgrado,2,177.8,67.6,10085.35,8,2.73,3.0,No,No,43.86
837,Femenino,39.0,Soltero,Medio,Secundaria,0,171.1,79.0,3447.3,13,1.34,3.0,No,No,45.25
838,Masculino,26.0,Casado,Alto,Técnico,1,161.8,55.3,1824.29,29,1.89,4.0,No,Si,75.06
839,Femenino,30.0,Casado,Medio,Posgrado,4,173.9,71.6,12795.95,55,4.38,4.0,Si,Si,35.25
840,Femenino,,Casado,Medio,Universitario,1,167.2,82.9,9612.69,9,3.4,4.0,Si,Si,35.61
841,Masculino,36.0,Casado,Medio,Universitario,2,171.4,63.0,8648.11,1,3.0,4.0,No,Si,64.61
842,Femenino,18.0,Soltero,Alto,Secundaria,1,159.5,76.1,4596.29,21,0.17,2.0,Si,Si,34.52
843,Masculino,46.0,Viudo,Bajo,Técnico,2,172.2,69.2,3867.28,12,1.64,1.0,No,No,46.89
844,Femenino,27.0,Casado,Bajo,Universitario,1,,57.3,18923.86,9,4.59,5.0,No,Si,114.03
845,Masculino,57.0,Casado,Bajo,Universitario,1,170.1,77.0,20386.24,6,2.99,2.0,No,Si,25.66
846,Masculino,48.0,Casado,Bajo,Universitario,2,167.2,69.5,8201.73,10,3.14,2.0,No,No,24.32
847,Masculino,30.0,Divorciado,Medio,Secundaria,1,165.5,67.2,10677.27,6,2.7,1.0,No,No,0.18
848,Otro,50.0,Casado,Medio,Primaria,2,172.4,64.8,5936.52,21,1.76,4.0,Si,No,47.52
849,Femenino,36.0,Soltero,Medio,Posgrado,0,164.3,67.1,1642.56,12,2.9,4.0,No,No,1.51
850,Femenino,45.0,Casado,Bajo,Técnico,0,153.7,40.8,2244.43,31,0.66,5.0,No,No,35.07
851,Masculino,41.0,Casado,Medio,Universitario,2,151.1,57.7,12294.97,12,0.57,5.0,No,Si,81.54
852,Femenino,25.0,Casado,Bajo,Secundaria,2,169.7,83.6,13615.5,4,1.62,4.0,No,Si,39.92
853,Masculino,27.0,Casado,Medio,Universitario,0,164.0,49.3,11422.06,29,2.73,3.0,Si,Si,15.71
854,Femenino,47.0,Soltero,Medio,Posgrado,1,152.4,53.6,6482.37,12,0.62,3.0,No,No,77.13
855,Masculino,31.0,Soltero,Bajo,Universitario,4,169.0,61.2,11766.82,3,2.65,3.0,No,No,15.72
856,Masculino,30.0,Divorciado,Bajo,Secundaria,1,167.2,53.7,4691.42,15,1.31,2.0,Si,Si,66.03
857,Masculino,24.0,Casado,Bajo,Universitario,1,163.5,46.3,8079.72,7,1.47,2.0,No,No,47.11
858,Masculino,40.0,Casado,Medio,Universitario,1,170.2,59.0,4172.43,28,4.06,2.0,No,No,9.32
859,Femenino,,Soltero,Alto,Técnico,0,179.8,76.5,2110.27,9,2.54,3.0,No,No,117.76
860,Masculino,22.0,Soltero,Medio,Universitario,1,179.6,92.0,9814.91,19,1.42,3.0,No,No,11.2
861,Femenino,35.0,Divorciado,Bajo,Universitario,1,169.3,54.9,13630.97,2,2.72,5.0,No,No,228.24
862,Masculino,52.0,Casado,Medio,Universitario,1,167.2,71.4,35566.77,8,0.74,4.0,Si,Si,0.37
863,Femenino,34.0,Casado,Medio,Universitario,2,169.4,72.5,6070.66,61,2.96,5.0,No,Si,15.29
864,Masculino,40.0,Casado,Medio,Secundaria,1,170.8,88.5,2125.48,25,3.83,3.0,No,Si,11.15
865,Masculino,22.0,Casado,Bajo,Técnico,1,165.6,72.7,3779.12,3,3.29,4.0,Si,Si,0.7
866,Femenino,40.0,Soltero,Bajo,Secundaria,1,169.6,76.8,4408.49,5,5.09,3.0,No,Si,65.91
867,Masculino,33.0,Casado,Medio,Posgrado,0,153.8,63.7,5534.73,6,0.17,3.0,No,No,59.11
868,Masculino,47.0,Soltero,Medio,Universitario,2,168.7,60.5,7163.12,16,2.65,,No,No,78.6
869,Femenino,49.0,Soltero,Bajo,Universitario,0,172.3,66.8,6570.7,21,0.89,5.0,Si,No,14.83
870,Femenino,66.0,Casado,Bajo,Técnico,0,163.6,76.0,9151.43,21,2.29,5.0,No,Si,29.38
871,Masculino,42.0,Divorciado,Medio,Secundaria,2,167.1,48.4,5755.66,11,2.5,1.0,No,Si,53.81
872,Masculino,39.0,Soltero,Alto,Universitario,1,,55.2,828.62,25,5.24,3.0,No,Si,28.97
873,Femenino,37.0,Casado,Alto,Técnico,1,156.7,48.7,5894.1,9,2.43,4.0,No,Si,59.75
874,Masculino,31.0,Soltero,Medio,Secundaria,0,169.9,73.1,5267.89,2,2.41,3.0,No,Si,50.25
875,Masculino,39.0,Soltero,Medio,Universitario,1,161.4,60.0,7632.83,12,3.71,3.0,No,Si,6.09
876,Masculino,31.0,Soltero,Bajo,Primaria,0,152.0,61.7,3680.54,46,2.44,2.0,Si,Si,75.94
877,Femenino,37.0,Soltero,Medio,Técnico,2,158.0,60.2,5877.11,24,4.7,4.0,No,No,63.77
878,Femenino,51.0,Casado,Medio,Técnico,0,159.3,48.4,7669.4,13,3.3,3.0,No,Si,53.33
879,Masculino,23.0,Soltero,Medio,Secundaria,0,175.0,59.0,4324.13,16,3.49,3.0,No,No,8.43
880,Masculino,,Casado,Medio,Posgrado,0,169.6,70.4,8439.65,40,0.26,2.0,No,Si,15.6
881,Masculino,51.0,Divorciado,Bajo,Secundaria,2,160.2,56.0,5198.37,8,4.88,4.0,No,No,24.98
882,Femenino,34.0,Soltero,Bajo,Secundaria,2,162.7,59.9,5570.98,6,1.71,5.0,No,Si,16.42
883,Masculino,16.0,Casado,Bajo,Secundaria,3,179.8,89.8,474.3,57,2.49,3.0,No,Si,12.93
884,Masculino,28.0,Soltero,Bajo,Universitario,3,176.4,84.5,1968.23,30,1.72,5.0,No,Si,81.83
885,Femenino,51.0,Casado,Bajo,Técnico,2,157.9,76.8,1972.52,6,1.27,5.0,No,No,50.84
886,Masculino,35.0,Soltero,Alto,Universitario,1,178.5,74.5,5843.39,9,1.06,5.0,No,Si,41.67
887,Femenino,23.0,Soltero,Medio,Primaria,0,167.3,62.3,13593.3,8,2.62,4.0,Si,Si,12.81
888,Masculino,29.0,Soltero,Medio,Primaria,0,175.2,79.7,4470.56,2,0.14,4.0,No,No,125.1
889,Masculino,45.0,Soltero,Alto,Técnico,1,166.5,62.5,9687.95,47,2.21,5.0,Si,Si,10.61
890,Masculino,42.0,Soltero,Alto,Universitario,1,178.7,72.3,8255.23,8,3.77,2.0,No,Si,79.23
891,Femenino,32.0,Casado,Medio,Universitario,0,157.6,59.1,5496.76,31,3.26,4.0,Si,Si,170.07
892,Femenino,31.0,Divorciado,Medio,Secundaria,2,165.7,83.2,7778.99,3,3.02,5.0,No,No,64.93
893,Femenino,30.0,Casado,Bajo,Universitario,2,178.9,86.3,5983.46,12,1.43,4.0,No,Si,247.09
894,Masculino,24.0,Casado,Bajo,Posgrado,1,146.5,58.7,4386.01,0,0.6,5.0,Si,Si,52.64
895,Femenino,54.0,Soltero,Medio,Técnico,1,167.6,84.6,6720.14,22,3.75,4.0,No,Si,12.26
896,Masculino,31.0,Soltero,Medio,Universitario,3,164.5,74.8,15635.59,13,1.96,5.0,Si,Si,11.4
897,Masculino,50.0,Soltero,Medio,Secundaria,1,174.2,62.3,7173.86,15,2.4,4.0,No,No,19.62
898,Femenino,53.0,Soltero,Bajo,Posgrado,1,177.6,87.1,5851.05,1,2.26,4.0,No,Si,0.36
899,Masculino,47.0,Casado,Bajo,Universitario,2,174.6,85.5,2435.82,4,3.31,4.0,No,Si,57.24
900,Masculino,30.0,Casado,Medio,Posgrado,2,170.2,77.6,15255.57,1,4.71,5.0,Si,Si,15.64
901,Masculino,40.0,Soltero,Bajo,Universitario,0,168.4,67.5,1594.57,5,4.25,5.0,No,Si,1266.3
902,Masculino,35.0,Soltero,Medio,Técnico,2,164.9,71.8,1255.32,15,0.0,,No,Si,22.25
903,Masculino,24.0,Casado,Medio,Posgrado,2,169.9,70.5,6615.49,13,2.13,4.0,No,Si,32.69
904,Femenino,39.0,Casado,Medio,Secundaria,0,181.1,69.1,2429.38,14,0.88,3.0,No,Si,168.61
905,Masculino,21.0,Soltero,Medio,Técnico,2,,56.5,11746.13,12,3.63,1.0,No,No,13.86
906,Femenino,49.0,Divorciado,Alto,Universitario,0,164.4,72.9,1277.98,5,2.5,5.0,No,Si,63.87
907,Femenino,29.0,Viudo,Medio,Universitario,2,167.3,59.7,10608.86,4,3.23,4.0,No,Si,70.35
908,Masculino,37.0,Soltero,Medio,Posgrado,1,177.0,67.9,9478.54,2,2.03,3.0,Si,Si,12.49
909,Masculino,38.0,Soltero,Medio,Secundaria,3,170.0,78.4,5401.4,28,1.25,2.0,No,Si,34.76
910,Masculino,32.0,Casado,Bajo,Universitario,1,176.9,78.1,916.3,14,1.46,5.0,No,No,21.55
911,Femenino,42.0,Divorciado,Bajo,Universitario,1,177.3,83.4,1238.13,3,0.66,5.0,No,Si,73.9
912,Masculino,29.0,Divorciado,Bajo,Secundaria,1,173.3,60.7,5954.77,3,0.98,5.0,No,Si,48.71
913,Femenino,45.0,Soltero,Medio,Técnico,2,158.4,66.3,4079.65,31,0.73,4.0,No,No,32.31
914,Masculino,19.0,Soltero,Medio,Secundaria,1,182.9,74.2,8794.35,20,1.26,3.0,No,Si,75.56
915,Femenino,37.0,Casado,Medio,Técnico,1,180.7,68.4,4653.74,16,1.19,3.0,No,Si,13.4
916,Masculino,58.0,Casado,Bajo,Posgrado,1,168.6,64.6,4340.98,8,2.97,1.0,No,Si,70.04
917,Masculino,23.0,Soltero,Bajo,Universitario,2,155.6,70.9,705.53,5,2.93,5.0,No,Si,100.26
918,Femenino,27.0,Divorciado,Alto,Universitario,3,154.0,55.1,9489.54,58,2.97,2.0,No,No,105.44
919,Femenino,41.0,Casado,Bajo,Posgrado,0,170.3,93.4,2923.93,24,3.91,4.0,No,Si,76.55
920,Masculino,37.0,Casado,Medio,Técnico,1,161.7,45.2,3573.98,5,2.41,4.0,No,Si,26.21
921,Femenino,39.0,Divorciado,Medio,Universitario,1,152.5,44.4,2088.45,28,1.56,4.0,No,Si,200.34
922,Femenino,41.0,Casado,Medio,Técnico,0,153.8,68.9,1433.21,21,5.15,5.0,No,Si,23.87
923,Femenino,43.0,Soltero,Bajo,Universitario,1,163.8,80.5,15957.92,5,3.59,1.0,No,No,50.89
924,Femenino,48.0,Casado,Bajo,Secundaria,2,169.8,61.9,9287.18,8,2.68,4.0,No,Si,8.78
925,Masculino,40.0,Soltero,Bajo,Posgrado,0,180.7,80.8,9410.64,3,2.6,2.0,No,No,196.74
926,Masculino,32.0,Casado,Medio,Secundaria,1,172.4,80.2,4133.14,2,2.85,1.0,No,Si,60.87
927,Masculino,43.0,Soltero,Medio,Técnico,2,164.6,64.2,1223.73,19,2.26,4.0,No,No,69.99
928,Femenino,,Casado,Bajo,Universitario,3,171.4,73.5,26413.64,5,2.65,2.0,No,Si,3.4
929,Femenino,33.0,Soltero,Medio,Técnico,0,170.6,71.4,6890.05,26,3.1,4.0,No,Si,72.07
930,Masculino,23.0,Soltero,Medio,Universitario,0,174.7,58.9,5483.13,81,1.63,4.0,No,No,74.52
931,Masculino,48.0,Soltero,Bajo,Técnico,3,167.6,65.4,3687.46,1,0.54,1.0,No,No,55.7
932,Femenino,34.0,Soltero,Medio,Universitario,2,177.3,77.2,,10,0.01,1.0,No,Si,17.26
933,Otro,16.0,Casado,Medio,Secundaria,1,175.4,76.5,12249.58,24,3.57,4.0,No,Si,33.64
934,Femenino,45.0,Casado,Bajo,Secundaria,1,168.7,52.5,2108.72,23,0.6,5.0,No,Si,5.85
935,Masculino,29.0,Casado,Bajo,Secundaria,1,166.9,75.6,7610.28,21,3.06,4.0,No,No,31.89
936,Masculino,34.0,Soltero,Medio,Técnico,2,176.3,77.6,9105.8,6,1.11,4.0,No,Si,13.97
937,Masculino,39.0,Soltero,Alto,Secundaria,2,161.6,54.3,6420.98,9,1.13,4.0,No,No,21.47
938,Femenino,37.0,Soltero,Medio,Técnico,1,154.4,73.4,7157.95,14,1.64,4.0,No,No,8.87
939,Masculino,44.0,Soltero,Medio,Técnico,0,154.4,55.5,14427.56,55,2.73,3.0,No,No,13.07
940,Femenino,30.0,Divorciado,Medio,Secundaria,2,160.8,60.8,,6,0.95,4.0,No,Si,3.98
941,Masculino,41.0,Soltero,Medio,Universitario,3,173.9,80.9,5606.05,38,1.76,,No,Si,126.22
942,Femenino,32.0,Soltero,Medio,Universitario,1,164.2,83.8,4104.81,5,2.47,4.0,No,No,37.79
943,Femenino,44.0,Soltero,Medio,Secundaria,1,169.8,77.5,1128.17,68,1.05,4.0,No,No,25.27
944,Femenino,42.0,Soltero,Bajo,Universitario,0,163.5,73.2,6179.96,17,4.21,5.0,No,No,38.29
945,Masculino,24.0,Casado,Medio,Universitario,1,163.6,56.2,13373.1,9,0.43,3.0,No,Si,49.48
946,Masculino,48.0,Casado,Medio,Técnico,0,158.8,62.6,14780.55,14,2.24,5.0,No,No,127.47
947,Masculino,29.0,Soltero,Medio,Universitario,0,167.2,63.3,21719.85,5,4.03,4.0,No,Si,9.84
948,Femenino,45.0,Soltero,Alto,Técnico,1,166.4,74.7,1189.19,5,0.91,4.0,No,Si,17.52
949,Femenino,,Soltero,Bajo,Universitario,1,171.7,80.5,18086.16,2,2.37,2.0,No,No,186.05
950,Femenino,57.0,Soltero,Bajo,Primaria,0,170.6,87.9,5698.01,2,2.66,3.0,No,Si,23.2
951,Femenino,32.0,Soltero,Bajo,Universitario,1,166.2,46.8,17684.61,6,1.53,4.0,No,No,1.14
952,Femenino,31.0,Viudo,Medio,Universitario,1,154.4,53.1,3583.78,22,2.41,4.0,No,Si,7.99
953,Masculino,35.0,Casado,Medio,Primaria,2,177.6,91.6,3214.28,14,3.17,1.0,Si,Si,1.33
954,Femenino,31.0,Casado,Bajo,Técnico,2,167.2,54.8,1858.98,2,1.94,4.0,No,Si,229.88
955,Masculino,45.0,Soltero,Medio,Posgrado,0,168.7,77.8,9143.35,29,3.42,2.0,No,Si,16.35
956,Masculino,16.0,Soltero,Medio,Técnico,2,182.4,94.7,7417.38,14,2.97,5.0,No,Si,128.55
957,Femenino,22.0,Casado,Medio,Universitario,0,,75.8,2011.01,49,1.8,5.0,No,No,274.67
958,Masculino,22.0,Casado,Medio,Posgrado,0,172.0,57.8,870.17,17,3.85,1.0,No,No,45.79
959,Masculino,46.0,Casado,Medio,Universitario,1,168.0,67.9,6851.32,3,1.61,5.0,No,Si,1.69
960,Femenino,56.0,Soltero,Alto,Universitario,1,167.9,83.5,7505.09,10,3.53,5.0,No,Si,4.26
961,Masculino,34.0,Casado,Bajo,Universitario,0,170.2,86.6,2231.52,16,1.63,3.0,Si,No,32.85
962,Femenino,33.0,Soltero,Bajo,Universitario,3,171.7,74.4,1900.24,0,2.12,4.0,No,No,26.06
963,Masculino,36.0,Divorciado,Medio,Técnico,0,183.4,70.9,8305.68,0,2.3,4.0,Si,No,46.59
964,Masculino,49.0,Casado,Alto,Técnico,1,190.3,110.8,21701.03,2,2.91,4.0,No,No,28.89
965,Masculino,24.0,Casado,Medio,Técnico,1,170.6,79.7,3307.7,4,0.0,3.0,Si,Si,135.96
966,Masculino,38.0,Soltero,Bajo,Posgrado,1,148.6,47.1,2431.56,8,3.05,3.0,No,Si,38.26
967,Femenino,47.0,Casado,Bajo,Universitario,1,159.4,65.3,6242.19,10,2.38,4.0,No,Si,59.16
968,Masculino,41.0,Soltero,Medio,Secundaria,1,184.3,86.7,8169.82,2,2.84,2.0,No,Si,113.4
969,Femenino,37.0,Soltero,Bajo,Universitario,1,174.5,67.8,3672.28,17,3.1,5.0,No,No,7.94
970,Masculino,47.0,Soltero,Medio,Técnico,2,171.8,75.9,24836.58,14,2.97,3.0,No,Si,13.05
971,Femenino,16.0,Casado,Alto,Secundaria,1,166.5,78.7,10110.69,5,0.09,4.0,No,No,5.68
972,Femenino,43.0,Soltero,Medio,Universitario,2,157.3,58.1,3622.73,0,1.23,5.0,No,No,7.52
973,Femenino,27.0,Soltero,Medio,Técnico,1,183.1,96.3,1374.73,1,2.9,4.0,No,No,35.93
974,Masculino,16.0,Divorciado,Medio,Universitario,1,160.6,47.3,14122.68,7,2.74,4.0,No,No,19.37
975,Masculino,41.0,Soltero,Bajo,Secundaria,1,174.6,98.4,12753.3,3,1.55,5.0,No,Si,27.51
976,Masculino,51.0,Casado,Alto,Universitario,1,156.3,60.3,3857.59,7,3.39,5.0,No,No,202.25
977,Femenino,33.0,Soltero,Medio,Universitario,1,166.1,78.0,6505.87,15,2.19,3.0,No,Si,8.52
978,Masculino,46.0,Soltero,Medio,Secundaria,1,176.9,79.1,4357.37,12,3.56,4.0,No,Si,38.91
979,Femenino,54.0,Casado,Medio,Posgrado,0,165.8,59.4,7453.8,4,3.95,5.0,No,No,5.21
980,Femenino,51.0,Soltero,Medio,Universitario,0,164.7,66.1,2164.71,6,2.83,3.0,No,Si,19.17
981,Masculino,55.0,Casado,Medio,Secundaria,1,168.1,50.3,1931.37,14,3.17,3.0,No,No,37.49
982,Femenino,44.0,Casado,Bajo,Técnico,1,156.0,65.5,9402.12,30,1.77,3.0,No,No,146.53
983,Masculino,36.0,Casado,Medio,Universitario,3,154.3,59.9,10405.52,21,3.57,2.0,Si,No,24.82
984,Masculino,16.0,Casado,Alto,Técnico,0,174.4,72.5,3318.83,12,2.76,4.0,No,Si,3.36
985,Femenino,32.0,Soltero,Medio,Secundaria,0,164.2,73.2,2699.18,7,2.15,4.0,No,No,24.56
986,Femenino,25.0,Soltero,Alto,Secundaria,0,174.4,74.9,12308.6,7,1.04,5.0,Si,Si,7.88
987,Femenino,61.0,Casado,Bajo,Secundaria,2,178.1,84.4,2773.29,32,1.92,4.0,No,No,13.07
988,Masculino,33.0,Casado,Medio,Universitario,1,178.8,89.1,5137.54,1,1.17,3.0,No,Si,48.13
989,Masculino,36.0,Casado,Medio,Técnico,1,153.4,53.1,4641.85,66,3.41,1.0,No,No,3.49
990,Femenino,42.0,Casado,Medio,Secundaria,0,161.7,56.4,1520.01,16,3.96,5.0,No,Si,31.25
991,Femenino,36.0,Casado,Medio,Secundaria,1,172.8,55.2,5731.26,17,3.6,3.0,No,Si,47.01
992,Femenino,55.0,Casado,Bajo,Técnico,2,173.0,74.6,5300.34,1,5.48,3.0,No,Si,27.4
993,Masculino,28.0,Soltero,Bajo,Posgrado,0,188.2,92.4,6556.11,14,1.95,5.0,No,Si,0.97
994,Femenino,37.0,Casado,Medio,Técnico,1,159.8,50.7,5578.0,10,3.22,4.0,No,No,211.75
995,Masculino,26.0,Casado,Bajo,Posgrado,0,178.5,93.9,27134.19,2,1.08,3.0,No,Si,22.87
996,Masculino,19.0,Soltero,Medio,Técnico,3,171.4,63.5,12448.34,5,2.26,5.0,Si,Si,75.38
997,Femenino,28.0,Divorciado,Bajo,Secundaria,2,153.2,40.2,5069.75,33,0.73,5.0,No,Si,19.7
998,Masculino,35.0,Divorciado,Bajo,Universitario,2,163.1,79.1,,12,3.18,2.0,No,Si,32.22
999,Femenino,30.0,Casado,Medio,Técnico,1,170.4,51.1,20148.71,8,2.07,5.0,Si,Si,24.59
1000,Masculino,27.0,Soltero,Medio,Universitario,1,152.7,65.0,9803.26,1,0.03,3.0,No,No,20.97
